id,supplier_id,name,certificate_type,issuing_body,certificate_number,issue_date,expiry_date,document_url,verified,verified_by,verified_at,created_at
dba2318f-9678-4649-8218-a6a9a35a9176,3969643f-066c-4899-9665-45657442ebf6,ISO 9001:2015,Quality Management,ISO,ISO-LEG-66506,2023-10-21,2026-10-20,https://cdn.lithiumbuy.com/certs/1bff0bd8-6ae4-4110-826e-3d85d097377a.pdf,true,5ef48e22-4893-48d7-add8-e24c0ea0e8de,2025-07-07T05:38:30.446Z,2023-10-21T05:38:30.446Z
b6391411-58b0-4c86-b538-32eeffac9b1c,3969643f-066c-4899-9665-45657442ebf6,ISO 14001:2015,Environmental,ISO,ISO-LEG-66877,2024-02-14,2027-02-13,https://cdn.lithiumbuy.com/certs/65e9d4b9-7d33-4c8c-8d73-2662745ad6ba.pdf,true,ce1be608-802f-4b1b-8362-8be107f8d2d4,2025-11-24T05:38:30.446Z,2024-02-14T05:38:30.446Z
4228115e-7752-4171-a1d2-945080dbf99c,3969643f-066c-4899-9665-45657442ebf6,REACH Compliance,Product Specific,ECHA,ECHA-LEG-82750,2025-03-30,2028-03-29,https://cdn.lithiumbuy.com/certs/df5e1ad6-966d-4a2e-9bec-c962b1f7daab.pdf,true,91708601-43ce-43f5-806e-857bb02eb6b8,2025-07-07T05:38:30.446Z,2025-03-30T05:38:30.446Z
398a6c85-c773-43d1-8e37-a22bebb4f123,3926362c-b964-4f16-bb68-8c63ae3ee25f,ISO 45001:2018,Safety,ISO,ISO-ECL-38999,2023-10-08,2026-10-07,https://cdn.lithiumbuy.com/certs/ef6fac72-c0be-4b1f-946b-3419f345d840.pdf,true,b3ba1df3-da64-410c-98c6-039c9514715a,2025-10-08T05:38:30.446Z,2023-10-08T05:38:30.446Z
f5adc664-5fcd-4b15-8034-787860ae440a,3926362c-b964-4f16-bb68-8c63ae3ee25f,IATF 16949:2016,Industry Specific,IATF,IATF-ECL-49889,2024-09-28,2027-09-28,https://cdn.lithiumbuy.com/certs/633f573b-e7b2-49a3-bf40-7dce92f98323.pdf,true,174d39ba-b67e-4ba6-b38f-0ca2b9193a27,2025-07-12T05:38:30.446Z,2024-09-28T05:38:30.446Z
bd3819e7-f542-43ac-9963-a9a0b2202940,3926362c-b964-4f16-bb68-8c63ae3ee25f,ISO 14001:2015,Environmental,ISO,ISO-ECL-78296,2024-06-19,2027-06-19,https://cdn.lithiumbuy.com/certs/88d4b7f7-aad6-4f3a-b1ef-9e6c81beeda0.pdf,true,d9fc6e0b-aad2-4f9a-9825-023d5b01cb03,2025-10-21T05:38:30.446Z,2024-06-19T05:38:30.446Z
f257b496-a752-4eeb-8ba3-3080c08c7a18,3926362c-b964-4f16-bb68-8c63ae3ee25f,ISO 9001:2015,Quality Management,ISO,ISO-ECL-96426,2025-01-10,2028-01-10,https://cdn.lithiumbuy.com/certs/bd67a9f2-fbe9-4b40-9107-60be802d6a50.pdf,true,c142aaf1-1aeb-4c46-b1c1-9f5f89f58d9d,2025-09-19T05:38:30.446Z,2025-01-10T05:38:30.446Z
48c13534-fc37-4e2f-b52a-5062baa7554f,3926362c-b964-4f16-bb68-8c63ae3ee25f,REACH Compliance,Product Specific,ECHA,ECHA-ECL-81370,2024-05-16,2027-05-16,https://cdn.lithiumbuy.com/certs/8aa11824-c2ab-483d-9fad-90d210814b37.pdf,true,9cc33382-6400-427d-b2d1-95ef37f30288,2025-09-15T05:38:30.447Z,2024-05-16T05:38:30.447Z
acd1b520-8e98-4db5-8bc8-4386cb378f72,e9169f30-30a8-40fb-9a7b-89eb2e2c7e2b,RoHS Compliance,Product Specific,EU,EU-APE-37878,2023-10-14,2026-10-13,https://cdn.lithiumbuy.com/certs/82a110ed-f83e-49e5-a456-635ef47bbe0f.pdf,true,f248525d-cc53-4c3f-80e6-9d37736b7090,2025-10-24T05:38:30.447Z,2023-10-14T05:38:30.447Z
7cd88688-8157-4487-b697-6975727ed81f,e9169f30-30a8-40fb-9a7b-89eb2e2c7e2b,REACH Compliance,Product Specific,ECHA,ECHA-APE-82679,2023-12-31,2026-12-30,https://cdn.lithiumbuy.com/certs/4796177d-d0dd-45df-a307-06b27e29a313.pdf,true,dd1b618d-9447-4392-a1dd-a882c973f40a,2025-07-23T05:38:30.447Z,2023-12-31T05:38:30.447Z
e50b7aed-7306-49a7-b3bc-8c6f1ace67a8,e9169f30-30a8-40fb-9a7b-89eb2e2c7e2b,ISO 45001:2018,Safety,ISO,ISO-APE-61728,2024-08-06,2027-08-06,https://cdn.lithiumbuy.com/certs/57e361bb-eeb0-4828-9c4e-cc836765f528.pdf,true,66b14cb8-b129-4e9d-862a-ab5b490c4e95,2025-08-02T05:38:30.447Z,2024-08-06T05:38:30.447Z
54f5c561-b10e-4619-a084-139db0fa542f,15a2f15e-2b3b-4d6c-95c0-45c55b4da187,ISO 45001:2018,Safety,ISO,ISO-DIA-33042,2023-08-29,2026-08-28,https://cdn.lithiumbuy.com/certs/97c37964-d494-448e-90f4-c1518c8cf234.pdf,true,83f2d2a6-d9a3-4a34-b0cb-f348c49c65d9,2025-11-11T05:38:30.447Z,2023-08-29T05:38:30.447Z
a2ca16da-5190-4fd5-b546-c5dffec6041a,15a2f15e-2b3b-4d6c-95c0-45c55b4da187,ISO 14001:2015,Environmental,ISO,ISO-DIA-50031,2023-03-10,2026-03-09,https://cdn.lithiumbuy.com/certs/105a5e86-363a-4569-8c27-34d766412ce2.pdf,true,2ec762ef-a7cd-4927-b467-4259ad9d9683,2025-07-09T05:38:30.447Z,2023-03-10T05:38:30.447Z
82ab7ed1-06d5-4e21-bc45-04d465c1b6b3,15a2f15e-2b3b-4d6c-95c0-45c55b4da187,RoHS Compliance,Product Specific,EU,EU-DIA-64597,2023-04-21,2026-04-20,https://cdn.lithiumbuy.com/certs/c66c44db-647b-4856-b2f0-ac4556f428f5.pdf,true,5b969d70-74ba-4bbb-8e62-155ec9ab2c24,2025-09-17T05:38:30.447Z,2023-04-21T05:38:30.447Z
67ea9a24-c5bb-4af8-84ba-c933d4b81be8,0458e690-7a4d-4c4b-a012-50fdc11f13f9,ISO 14001:2015,Environmental,ISO,ISO-EME-74516,2023-12-25,2026-12-24,https://cdn.lithiumbuy.com/certs/dcf477df-6609-4758-8983-1459fb02705f.pdf,true,4801103c-e98f-4b0c-b763-a91689a41dd6,2025-10-11T05:38:30.447Z,2023-12-25T05:38:30.447Z
5c428c9c-9856-4d01-8baa-247849523705,0458e690-7a4d-4c4b-a012-50fdc11f13f9,IATF 16949:2016,Industry Specific,IATF,IATF-EME-56683,2023-10-23,2026-10-22,https://cdn.lithiumbuy.com/certs/21582c62-8564-4849-8669-8d3cbd6942ed.pdf,true,ac211d12-6b9b-4927-b975-dae71937f1d5,2025-10-21T05:38:30.447Z,2023-10-23T05:38:30.447Z
fdfb0053-20dd-4add-a489-4b1bc0e11c64,0458e690-7a4d-4c4b-a012-50fdc11f13f9,ISO 45001:2018,Safety,ISO,ISO-EME-27966,2023-11-07,2026-11-06,https://cdn.lithiumbuy.com/certs/64c86d50-50d8-4169-ac70-c4ee10bb07ed.pdf,true,f33dfd11-a841-41d4-be9a-29a00c168cc5,2025-08-12T05:38:30.447Z,2023-11-07T05:38:30.447Z
fea6c1f3-90af-4572-bd27-a799bbb43c8d,0458e690-7a4d-4c4b-a012-50fdc11f13f9,ISO 9001:2015,Quality Management,ISO,ISO-EME-15534,2025-05-20,2028-05-19,https://cdn.lithiumbuy.com/certs/30ebd838-1651-49f5-bd66-57affac222a0.pdf,true,56f4a14c-1dd0-4d5e-9c9e-e4fdaae748d8,2025-08-18T05:38:30.447Z,2025-05-20T05:38:30.447Z
fd8470bd-1fef-4c29-ba6f-36195a45ad28,0458e690-7a4d-4c4b-a012-50fdc11f13f9,REACH Compliance,Product Specific,ECHA,ECHA-EME-15796,2023-12-15,2026-12-14,https://cdn.lithiumbuy.com/certs/34d518aa-f354-4510-8fa5-df1221a00107.pdf,true,8d975fdc-7dc2-4236-888f-11c092d336af,2025-11-13T05:38:30.447Z,2023-12-15T05:38:30.447Z
efb64f98-cf8d-4398-8d21-8d95b61b3fd7,0971e222-5719-489b-af2c-7a9d9a5a1651,ISO 9001:2015,Quality Management,ISO,ISO-DIA-61934,2025-02-27,2028-02-27,https://cdn.lithiumbuy.com/certs/f476727f-2a04-4350-9364-f68825ede882.pdf,true,,,2025-02-27T05:38:30.447Z
a2fad71e-d0ef-4525-9c1b-2ac475dd5096,0971e222-5719-489b-af2c-7a9d9a5a1651,ISO 14001:2015,Environmental,ISO,ISO-DIA-64035,2024-03-11,2027-03-11,https://cdn.lithiumbuy.com/certs/609b11f9-92ab-49ef-9092-84e8942229bf.pdf,true,,,2024-03-11T05:38:30.447Z
6d6e45ac-a560-467a-9273-74dcd9778afd,0971e222-5719-489b-af2c-7a9d9a5a1651,RoHS Compliance,Product Specific,EU,EU-DIA-21685,2024-02-29,2027-02-28,https://cdn.lithiumbuy.com/certs/b5868ee6-73d6-4186-ac47-1eee0b1bfc26.pdf,true,,,2024-02-29T05:38:30.447Z
b241487a-f7c1-47f4-ae3b-0dab262c093a,0971e222-5719-489b-af2c-7a9d9a5a1651,IATF 16949:2016,Industry Specific,IATF,IATF-DIA-13543,2024-10-05,2027-10-05,https://cdn.lithiumbuy.com/certs/69fbe963-2ae0-4c73-b364-2491fffec4d8.pdf,true,,,2024-10-05T05:38:30.447Z
20a8107d-5b32-4e36-9343-6af6aa196860,5663ce32-a0ed-4c94-ac7f-ac4a0f9b179c,ISO 9001:2015,Quality Management,ISO,ISO-PAC-45002,2023-06-04,2026-06-03,https://cdn.lithiumbuy.com/certs/3507f567-8af9-4dec-9898-39a612dc3370.pdf,true,,,2023-06-04T05:38:30.447Z
5cc940b7-2bc2-4736-a88b-3b9c1102e564,5663ce32-a0ed-4c94-ac7f-ac4a0f9b179c,IATF 16949:2016,Industry Specific,IATF,IATF-PAC-72887,2023-08-15,2026-08-14,https://cdn.lithiumbuy.com/certs/1e491e3b-b74a-4843-a155-3684303e15e6.pdf,true,,,2023-08-15T05:38:30.447Z
b5e7cfde-8295-4366-a403-765bbab9fa97,5663ce32-a0ed-4c94-ac7f-ac4a0f9b179c,RoHS Compliance,Product Specific,EU,EU-PAC-53057,2024-09-22,2027-09-22,https://cdn.lithiumbuy.com/certs/1ec67f9c-0e8e-4e67-a76b-cd66ac3e9a49.pdf,true,,,2024-09-22T05:38:30.447Z
5ae430fb-6692-4f8d-b069-33881b6c52d2,5663ce32-a0ed-4c94-ac7f-ac4a0f9b179c,ISO 14001:2015,Environmental,ISO,ISO-PAC-75097,2025-05-06,2028-05-05,https://cdn.lithiumbuy.com/certs/b81ab2dd-b49a-4925-a65b-867b9490121f.pdf,true,,,2025-05-06T05:38:30.447Z
fa11460f-ddd1-483e-9b6a-16f7b8feb271,4022a232-e169-44e0-8c38-ebc6e00bb23e,ISO 14001:2015,Environmental,ISO,ISO-CON-43670,2023-09-06,2026-09-05,https://cdn.lithiumbuy.com/certs/b90fa363-d8b8-44fa-87df-c1c280dd0be6.pdf,true,,,2023-09-06T05:38:30.447Z
d71506b5-852f-4a65-839d-9999424a3863,4022a232-e169-44e0-8c38-ebc6e00bb23e,ISO 9001:2015,Quality Management,ISO,ISO-CON-83620,2024-08-13,2027-08-13,https://cdn.lithiumbuy.com/certs/43df3b5b-f493-491b-8c2a-f9ba84860285.pdf,false,,,2024-08-13T05:38:30.447Z
673de248-7c8f-4274-a919-09e4fe3c57ee,4022a232-e169-44e0-8c38-ebc6e00bb23e,RoHS Compliance,Product Specific,EU,EU-CON-10569,2024-11-01,2027-11-01,https://cdn.lithiumbuy.com/certs/ea15347d-fed2-4615-a4b3-b36883c43f45.pdf,false,,,2024-11-01T05:38:30.447Z
1e5fd289-3439-4f89-bf3d-cf3dacb4fa1e,4022a232-e169-44e0-8c38-ebc6e00bb23e,IATF 16949:2016,Industry Specific,IATF,IATF-CON-85128,2025-03-24,2028-03-23,https://cdn.lithiumbuy.com/certs/0555958d-77e7-4fdf-829c-75cc0886a51e.pdf,true,,,2025-03-24T05:38:30.447Z
554c4f4b-47cc-4b58-bb84-a753496e6ce6,a303100d-a5a2-46ee-8c2a-db05153285be,REACH Compliance,Product Specific,ECHA,ECHA-APE-81449,2024-12-08,2027-12-08,https://cdn.lithiumbuy.com/certs/6870c24f-a222-4ddb-800c-3e326725d529.pdf,true,,,2024-12-08T05:38:30.447Z
25a6067c-0f2a-4eb1-a314-3febca2199d0,a303100d-a5a2-46ee-8c2a-db05153285be,RoHS Compliance,Product Specific,EU,EU-APE-85106,2025-02-20,2028-02-20,https://cdn.lithiumbuy.com/certs/d0e794a3-794f-442f-92c5-5a9102a10de8.pdf,true,,,2025-02-20T05:38:30.447Z
93f4fb23-168b-432b-ad44-e1ea53561d93,0993ef4e-0912-4214-88b5-f09012b23d4a,ISO 45001:2018,Safety,ISO,ISO-MER-84394,2023-08-29,2026-08-28,https://cdn.lithiumbuy.com/certs/068a2128-cf1b-4666-8b15-b01451fa3b17.pdf,false,,,2023-08-29T05:38:30.447Z
cc7089c0-8df4-4f90-8d20-983598c42006,0993ef4e-0912-4214-88b5-f09012b23d4a,ISO 9001:2015,Quality Management,ISO,ISO-MER-77104,2023-04-08,2026-04-07,https://cdn.lithiumbuy.com/certs/c46fa001-96bc-446f-94d3-b1d14362e2af.pdf,true,,,2023-04-08T05:38:30.447Z
b5c5b7a7-4135-4c49-b85d-6c2107ba34fb,0993ef4e-0912-4214-88b5-f09012b23d4a,ISO 14001:2015,Environmental,ISO,ISO-MER-35478,2023-11-28,2026-11-27,https://cdn.lithiumbuy.com/certs/fed8eaf5-a329-4409-9eee-4b440510931d.pdf,true,,,2023-11-28T05:38:30.447Z
6db7c225-789b-4c3d-8b0f-afc35fe47e07,e7ab2aab-8519-40c3-beaa-7170563187c1,ISO 9001:2015,Quality Management,ISO,ISO-ZEN-74129,2023-03-21,2026-03-20,https://cdn.lithiumbuy.com/certs/df58b44e-978b-404b-8cf6-8f7802a435db.pdf,false,,,2023-03-21T05:38:30.447Z
19800320-918c-4f90-a0b4-ad1c45e007d6,e7ab2aab-8519-40c3-beaa-7170563187c1,ISO 14001:2015,Environmental,ISO,ISO-ZEN-69818,2025-07-03,2028-07-02,https://cdn.lithiumbuy.com/certs/b4792c11-b919-4963-9d8c-72e1ca79868c.pdf,true,,,2025-07-03T05:38:30.447Z
e75b498a-31d8-4dbc-8101-4257c60640a5,e7ab2aab-8519-40c3-beaa-7170563187c1,ISO 45001:2018,Safety,ISO,ISO-ZEN-45275,2024-12-23,2027-12-23,https://cdn.lithiumbuy.com/certs/4da8055d-559a-492c-b2eb-798f0bbfa673.pdf,true,,,2024-12-23T05:38:30.447Z
e24025ed-884a-4cf1-b99e-69bd0289a372,e7ab2aab-8519-40c3-beaa-7170563187c1,IATF 16949:2016,Industry Specific,IATF,IATF-ZEN-61967,2024-05-24,2027-05-24,https://cdn.lithiumbuy.com/certs/6108379e-a79d-484c-be36-69d7fc3ce779.pdf,true,,,2024-05-24T05:38:30.447Z
eadd5bb7-fd3c-4951-977d-d729c50cc413,f94d5403-17e2-4a5f-b88e-cc45d1fcc9fd,ISO 14001:2015,Environmental,ISO,ISO-PLA-76950,2023-11-27,2026-11-26,https://cdn.lithiumbuy.com/certs/54e1cc94-163c-4b54-a997-1769f03f5363.pdf,true,,,2023-11-27T05:38:30.447Z
ede5d748-002e-47c7-8263-a1844103b070,f94d5403-17e2-4a5f-b88e-cc45d1fcc9fd,REACH Compliance,Product Specific,ECHA,ECHA-PLA-29879,2023-05-12,2026-05-11,https://cdn.lithiumbuy.com/certs/9dc1c5a8-9c08-41ec-8562-e45742dd1f9a.pdf,true,,,2023-05-12T05:38:30.447Z
fbae29b9-0a68-4513-93e9-2abe8d2dc097,88289413-90bf-42b4-846c-304a5a4a56fc,RoHS Compliance,Product Specific,EU,EU-ATL-73468,2025-05-26,2028-05-25,https://cdn.lithiumbuy.com/certs/990897d8-f0e4-451e-906a-e86152c65854.pdf,true,,,2025-05-26T05:38:30.447Z
750dd7d1-08de-4b1c-ab1d-8d50e7758256,88289413-90bf-42b4-846c-304a5a4a56fc,REACH Compliance,Product Specific,ECHA,ECHA-ATL-16528,2025-03-10,2028-03-09,https://cdn.lithiumbuy.com/certs/3cca0687-fcbd-4e54-a84f-016c86baf744.pdf,true,,,2025-03-10T05:38:30.447Z
fbfc2362-6a5e-479c-be32-77a4e008d2b0,0e47e6d4-bb17-4ac5-a2fa-2e1f2f96443e,IATF 16949:2016,Industry Specific,IATF,IATF-PAC-68720,2024-09-05,2027-09-05,https://cdn.lithiumbuy.com/certs/6f8cc084-6f7d-4ae8-9ac4-4e055c723e52.pdf,true,,,2024-09-05T05:38:30.447Z
d15bb2c5-1894-4fd3-9167-2430353837dd,0e47e6d4-bb17-4ac5-a2fa-2e1f2f96443e,ISO 45001:2018,Safety,ISO,ISO-PAC-67996,2023-09-10,2026-09-09,https://cdn.lithiumbuy.com/certs/c3251347-fdac-4c84-b7ba-be5361674287.pdf,true,,,2023-09-10T05:38:30.447Z
fda0565f-7e5d-40d6-b054-88804b90bfa1,f790d565-6d60-476b-bad7-8dfeb8211617,ISO 9001:2015,Quality Management,ISO,ISO-GLO-52236,2024-09-07,2027-09-07,https://cdn.lithiumbuy.com/certs/3f4fc163-a036-4c9e-8858-2c3cba9d1bc9.pdf,true,,,2024-09-07T05:38:30.447Z
4915d3d7-21ee-4e33-85da-c6323ea8106d,f790d565-6d60-476b-bad7-8dfeb8211617,RoHS Compliance,Product Specific,EU,EU-GLO-98662,2024-06-20,2027-06-20,https://cdn.lithiumbuy.com/certs/ec4e1e27-9728-4b5a-b66e-52d7c22c4878.pdf,true,,,2024-06-20T05:38:30.447Z
4f01973c-e3c7-4878-8f85-3f1f4ba52060,1b34a295-7e7d-46ef-91e6-ed739cb9d235,ISO 14001:2015,Environmental,ISO,ISO-ATL-69371,2024-06-07,2027-06-07,https://cdn.lithiumbuy.com/certs/d5986835-35cc-4fae-88e4-9bb5bc8f84fc.pdf,true,,,2024-06-07T05:38:30.447Z
d732500c-d54e-4349-bc9d-f90d08397fe0,1b34a295-7e7d-46ef-91e6-ed739cb9d235,ISO 45001:2018,Safety,ISO,ISO-ATL-27600,2024-12-09,2027-12-09,https://cdn.lithiumbuy.com/certs/60cea27b-02c9-44c0-bc41-5726f33325d3.pdf,false,,,2024-12-09T05:38:30.447Z
f72c5d84-1b77-4ab8-963f-1eb91fd6c042,4de41147-0ced-42bb-9c8d-ca43be6d2b05,ISO 45001:2018,Safety,ISO,ISO-VER-14313,2024-11-04,2027-11-04,https://cdn.lithiumbuy.com/certs/b2f5c4f5-58bb-4152-8fe4-125cd6f8aeb2.pdf,true,,,2024-11-04T05:38:30.447Z
1d48b670-02a9-477c-ac8f-e178bf8de832,4de41147-0ced-42bb-9c8d-ca43be6d2b05,RoHS Compliance,Product Specific,EU,EU-VER-54909,2025-05-23,2028-05-22,https://cdn.lithiumbuy.com/certs/436a2610-d025-4064-a7d9-b01dc6f8ea6a.pdf,true,,,2025-05-23T05:38:30.447Z
84d38c95-4b08-4e7d-b55b-b4e0b75679c4,4de41147-0ced-42bb-9c8d-ca43be6d2b05,IATF 16949:2016,Industry Specific,IATF,IATF-VER-52327,2023-08-29,2026-08-28,https://cdn.lithiumbuy.com/certs/fe6c8d00-55b0-417e-81e8-d2a26eaddc8d.pdf,false,,,2023-08-29T05:38:30.447Z
55327c53-c023-4324-a126-1f296f55a438,a20dbd32-a765-4c3b-bc92-003c072148dc,ISO 9001:2015,Quality Management,ISO,ISO-FRO-28309,2024-08-27,2027-08-27,https://cdn.lithiumbuy.com/certs/a567ec8f-5950-40d2-863e-5bbd4237e9a7.pdf,true,,,2024-08-27T05:38:30.447Z
ef4104ab-5b3f-44e2-a820-74e7621f8aab,a20dbd32-a765-4c3b-bc92-003c072148dc,REACH Compliance,Product Specific,ECHA,ECHA-FRO-73463,2025-05-28,2028-05-27,https://cdn.lithiumbuy.com/certs/e2bb0e02-07bb-4af0-9225-4959337de3eb.pdf,false,,,2025-05-28T05:38:30.447Z
f439c704-7fbd-49d5-862b-57ae183f8e2e,a12299a4-2c5b-42a9-ba81-b50ed03324ea,ISO 45001:2018,Safety,ISO,ISO-PIO-85990,2024-01-27,2027-01-26,https://cdn.lithiumbuy.com/certs/6a06d3ad-3e7d-44f6-9420-7361c9c3e5d2.pdf,true,,,2024-01-27T05:38:30.447Z
90b6d121-333c-4e9e-be11-f4a47a756270,a12299a4-2c5b-42a9-ba81-b50ed03324ea,IATF 16949:2016,Industry Specific,IATF,IATF-PIO-26696,2023-03-02,2026-03-01,https://cdn.lithiumbuy.com/certs/7ef6abc6-7ab0-4dcb-88dc-c67776af8a64.pdf,true,,,2023-03-02T05:38:30.447Z
b5d8d06c-c170-4d72-96fb-2f1a695c8e28,a12299a4-2c5b-42a9-ba81-b50ed03324ea,REACH Compliance,Product Specific,ECHA,ECHA-PIO-47244,2024-10-02,2027-10-02,https://cdn.lithiumbuy.com/certs/7af0ebe1-6b16-4403-bc81-877ccb535eae.pdf,true,,,2024-10-02T05:38:30.447Z
6530a04f-9979-4305-a6d2-12adbeab0dc9,37fbb935-02c2-4908-8a0d-1767ce72736c,RoHS Compliance,Product Specific,EU,EU-ECL-65957,2023-05-15,2026-05-14,https://cdn.lithiumbuy.com/certs/b88f1529-411a-46f7-aed4-36bf84ef7f9d.pdf,true,,,2023-05-15T05:38:30.447Z
15f85dee-de45-4e9e-ad24-ef0ee0b2bd94,37fbb935-02c2-4908-8a0d-1767ce72736c,REACH Compliance,Product Specific,ECHA,ECHA-ECL-19458,2023-07-25,2026-07-24,https://cdn.lithiumbuy.com/certs/5d74545b-e963-468e-a36c-6b7baaa8d266.pdf,true,,,2023-07-25T05:38:30.447Z
4fb86852-3b7c-4007-8de1-de2c884c6ef8,37fbb935-02c2-4908-8a0d-1767ce72736c,ISO 45001:2018,Safety,ISO,ISO-ECL-28341,2023-11-16,2026-11-15,https://cdn.lithiumbuy.com/certs/77cc40bc-0fa5-479a-9c35-b874acb68e16.pdf,true,,,2023-11-16T05:38:30.447Z
3f92811b-6aff-4567-90ab-0e764067f42b,2ffbea36-6c6d-4cb1-9a23-e1c4fab1634d,IATF 16949:2016,Industry Specific,IATF,IATF-PIO-33157,2024-02-08,2027-02-07,https://cdn.lithiumbuy.com/certs/b715b309-d39d-4483-88ed-6e1d6aeb391c.pdf,true,,,2024-02-08T05:38:30.447Z
4edce07f-679a-444d-a73d-bac4eb36fb4b,2ffbea36-6c6d-4cb1-9a23-e1c4fab1634d,ISO 45001:2018,Safety,ISO,ISO-PIO-80647,2023-03-19,2026-03-18,https://cdn.lithiumbuy.com/certs/4ec4b2ed-217f-47c8-af4d-e019225a9405.pdf,true,,,2023-03-19T05:38:30.447Z
659a2e6b-27db-4707-a5df-12dfaa1d9cd3,899e3891-f93f-4d0d-8a05-4f23adaeac21,ISO 9001:2015,Quality Management,ISO,ISO-GLO-13694,2023-06-10,2026-06-09,https://cdn.lithiumbuy.com/certs/0f0cf173-e843-4cfc-b513-b6e57a08e111.pdf,true,,,2023-06-10T05:38:30.447Z
8204be02-8c4e-4295-b321-327b673e2241,899e3891-f93f-4d0d-8a05-4f23adaeac21,ISO 14001:2015,Environmental,ISO,ISO-GLO-17866,2024-03-09,2027-03-09,https://cdn.lithiumbuy.com/certs/123adb1c-e961-4772-aed9-f04dd8402beb.pdf,true,,,2024-03-09T05:38:30.447Z
15673578-a548-48ce-a899-f2a4731b84f9,899e3891-f93f-4d0d-8a05-4f23adaeac21,IATF 16949:2016,Industry Specific,IATF,IATF-GLO-88337,2025-07-06,2028-07-05,https://cdn.lithiumbuy.com/certs/6a6ed04b-103f-4003-ae4d-4dd5da294966.pdf,true,,,2025-07-06T05:38:30.447Z
bd41f30a-a206-4944-b535-06ad613f516f,77a43956-c6c9-4ba6-96ea-337574954ed2,ISO 9001:2015,Quality Management,ISO,ISO-ZEN-41535,2025-01-03,2028-01-03,https://cdn.lithiumbuy.com/certs/27cf5085-7c98-4aab-8771-5a8a958c9a02.pdf,true,,,2025-01-03T05:38:30.447Z
0785ffbd-ffbe-4c0f-a00d-8c6157f2c8c4,77a43956-c6c9-4ba6-96ea-337574954ed2,ISO 14001:2015,Environmental,ISO,ISO-ZEN-35306,2024-11-09,2027-11-09,https://cdn.lithiumbuy.com/certs/284d6532-06d0-44ba-a874-02419936008d.pdf,true,,,2024-11-09T05:38:30.447Z
631af179-7da0-416f-85b3-acbb3fcfd275,b81d6b03-e5b8-4775-ae41-f217e25d8d23,ISO 14001:2015,Environmental,ISO,ISO-PLA-16184,2024-07-31,2027-07-31,https://cdn.lithiumbuy.com/certs/59677406-fa81-4473-9bed-a201e2fd8ddb.pdf,true,,,2024-07-31T05:38:30.447Z
07097d2e-8a8d-4e41-a39b-ea7ddf9afdaa,b81d6b03-e5b8-4775-ae41-f217e25d8d23,ISO 9001:2015,Quality Management,ISO,ISO-PLA-78801,2024-12-01,2027-12-01,https://cdn.lithiumbuy.com/certs/64628eaa-9dc3-44ee-908a-4cbfb07d2d5f.pdf,true,,,2024-12-01T05:38:30.447Z
dbd211df-955e-4811-9ded-ee56434ac6bc,b81d6b03-e5b8-4775-ae41-f217e25d8d23,REACH Compliance,Product Specific,ECHA,ECHA-PLA-85159,2024-12-25,2027-12-25,https://cdn.lithiumbuy.com/certs/d1fca76e-25b7-4fbe-bd45-ca1c5d47622a.pdf,true,,,2024-12-25T05:38:30.447Z
6680bee5-702c-48ad-a439-fb94fe01aaf5,b81d6b03-e5b8-4775-ae41-f217e25d8d23,ISO 45001:2018,Safety,ISO,ISO-PLA-19259,2023-07-27,2026-07-26,https://cdn.lithiumbuy.com/certs/fed2d368-3572-4570-bc4c-fe64257332ee.pdf,true,,,2023-07-27T05:38:30.447Z
e2c02d6c-353a-4a3e-8b7d-8d7a04ba24bd,a9f4a45c-896f-4699-bdb5-053a60619f4e,ISO 9001:2015,Quality Management,ISO,ISO-DIA-22364,2023-08-14,2026-08-13,https://cdn.lithiumbuy.com/certs/0e8380fe-8e38-4863-a0a0-855304b3c3fb.pdf,true,,,2023-08-14T05:38:30.447Z
2fd71086-6665-4759-aa7f-09ecf5fb7822,a9f4a45c-896f-4699-bdb5-053a60619f4e,REACH Compliance,Product Specific,ECHA,ECHA-DIA-82087,2025-02-11,2028-02-11,https://cdn.lithiumbuy.com/certs/a2a71552-81c4-452e-bf9e-f159da03583f.pdf,true,,,2025-02-11T05:38:30.447Z
b81cff5f-7631-4229-8c52-ee2587f68bd2,2ad8b3e1-554c-4068-a664-76129b3d5235,IATF 16949:2016,Industry Specific,IATF,IATF-INT-60349,2024-03-12,2027-03-12,https://cdn.lithiumbuy.com/certs/e8522ac4-8906-4279-9b0d-9ca3714cc3b3.pdf,true,,,2024-03-12T05:38:30.447Z
583c537a-ab70-40a5-ab3c-357d8d995a61,2ad8b3e1-554c-4068-a664-76129b3d5235,ISO 14001:2015,Environmental,ISO,ISO-INT-52746,2024-01-22,2027-01-21,https://cdn.lithiumbuy.com/certs/9cd7174a-283e-4f83-be92-5ca43a1fe95b.pdf,true,,,2024-01-22T05:38:30.447Z
3fb9ea02-1f2d-476e-a858-b665c34591b0,2ad8b3e1-554c-4068-a664-76129b3d5235,RoHS Compliance,Product Specific,EU,EU-INT-34050,2024-09-09,2027-09-09,https://cdn.lithiumbuy.com/certs/b611cfe4-d026-4eb4-ae57-fc68655bf9c6.pdf,true,,,2024-09-09T05:38:30.447Z
8d2915a4-a69e-42fa-966d-6fe1034a43db,bfd89266-65d2-4a19-a83d-6510f05854ea,ISO 14001:2015,Environmental,ISO,ISO-PAC-90688,2023-06-28,2026-06-27,https://cdn.lithiumbuy.com/certs/2c9738fe-110c-43aa-a08c-5f8621f1ed75.pdf,false,,,2023-06-28T05:38:30.447Z
aa1556e2-bb81-4071-907b-b9212f907564,bfd89266-65d2-4a19-a83d-6510f05854ea,ISO 9001:2015,Quality Management,ISO,ISO-PAC-52490,2025-05-07,2028-05-06,https://cdn.lithiumbuy.com/certs/23047064-87b4-4d8a-a95f-df5d8896f094.pdf,true,,,2025-05-07T05:38:30.447Z
130a2dd9-2404-4638-b150-79e1e7be13cf,bfd89266-65d2-4a19-a83d-6510f05854ea,IATF 16949:2016,Industry Specific,IATF,IATF-PAC-88305,2025-01-24,2028-01-24,https://cdn.lithiumbuy.com/certs/b5bdc837-ee85-46ee-8bcf-3e81ceefa84a.pdf,true,,,2025-01-24T05:38:30.447Z
a38b547e-9f3e-4212-aa1d-1a1f7ff816ea,bfd89266-65d2-4a19-a83d-6510f05854ea,REACH Compliance,Product Specific,ECHA,ECHA-PAC-38352,2024-09-07,2027-09-07,https://cdn.lithiumbuy.com/certs/a53ae61d-46f1-479b-8570-6cb7fc470732.pdf,true,,,2024-09-07T05:38:30.447Z
b7bbc6b8-bdc9-4b96-bd3b-88b86be1cb4f,a17023fb-6086-437b-ab59-0e7cdd24e603,ISO 9001:2015,Quality Management,ISO,ISO-PAC-43111,2023-03-10,2026-03-09,https://cdn.lithiumbuy.com/certs/3b5c9140-95a7-4bc5-90a0-f5be5a2d1d55.pdf,true,,,2023-03-10T05:38:30.447Z
7af4889c-ba25-4036-bca4-f2d049a8913f,a17023fb-6086-437b-ab59-0e7cdd24e603,IATF 16949:2016,Industry Specific,IATF,IATF-PAC-18823,2024-10-22,2027-10-22,https://cdn.lithiumbuy.com/certs/33d9d360-7a6b-418e-b8fe-fabaf99ca95c.pdf,true,,,2024-10-22T05:38:30.447Z
7d86cb4d-039e-4177-9e7d-164149ad3069,a17023fb-6086-437b-ab59-0e7cdd24e603,RoHS Compliance,Product Specific,EU,EU-PAC-37181,2025-04-20,2028-04-19,https://cdn.lithiumbuy.com/certs/bdfe74eb-f6f0-48ec-a657-ba1c6ca28e42.pdf,true,,,2025-04-20T05:38:30.447Z
178404d0-3de2-4350-a736-06fca4a9c7ed,87519094-b5f3-4ef6-9d9c-8e503fcfed38,ISO 14001:2015,Environmental,ISO,ISO-QUA-92340,2023-05-22,2026-05-21,https://cdn.lithiumbuy.com/certs/506770d1-66b5-4f6d-bb65-1be03dc77ae9.pdf,true,,,2023-05-22T05:38:30.447Z
c9b086bd-7c33-40d3-b82a-a3dae81aada4,87519094-b5f3-4ef6-9d9c-8e503fcfed38,ISO 9001:2015,Quality Management,ISO,ISO-QUA-67633,2024-04-06,2027-04-06,https://cdn.lithiumbuy.com/certs/2e337ef2-ef62-435e-a005-c1a71ba7ca00.pdf,true,,,2024-04-06T05:38:30.447Z
be013c5c-2988-4a29-99ab-02c5ed672f83,d74f7fe2-0419-4385-bd64-0b1ec5f0c7ea,IATF 16949:2016,Industry Specific,IATF,IATF-CON-85863,2024-11-19,2027-11-19,https://cdn.lithiumbuy.com/certs/66b466c9-b72f-4126-8ef8-686cc36283ee.pdf,true,,,2024-11-19T05:38:30.447Z
0a66f0a5-69fd-4c3b-942a-0d246083bcf8,d74f7fe2-0419-4385-bd64-0b1ec5f0c7ea,ISO 14001:2015,Environmental,ISO,ISO-CON-56536,2025-04-29,2028-04-28,https://cdn.lithiumbuy.com/certs/ed6296c4-c3b1-460e-8925-046d61d2a40d.pdf,true,,,2025-04-29T05:38:30.447Z
b20ddce3-8412-40be-9960-655e8c8431a5,d74f7fe2-0419-4385-bd64-0b1ec5f0c7ea,RoHS Compliance,Product Specific,EU,EU-CON-87043,2024-04-21,2027-04-21,https://cdn.lithiumbuy.com/certs/0cad2292-7670-43a3-b2b1-1003c47a391f.pdf,true,,,2024-04-21T05:38:30.447Z
8479edda-172e-4dd1-ad89-7a3152d5cf5d,d74f7fe2-0419-4385-bd64-0b1ec5f0c7ea,ISO 45001:2018,Safety,ISO,ISO-CON-67169,2023-08-21,2026-08-20,https://cdn.lithiumbuy.com/certs/6c386694-a0b7-4aa4-9fea-2b12a28f65ee.pdf,true,,,2023-08-21T05:38:30.447Z
a1488a07-175c-40ce-91b3-d93e39d64b31,9ddf70f9-bbc1-443d-bc61-d43c7eff6f35,RoHS Compliance,Product Specific,EU,EU-ECL-70221,2024-03-28,2027-03-28,https://cdn.lithiumbuy.com/certs/d07fc253-ce5c-4c84-9d1e-ca42df737d1c.pdf,true,,,2024-03-28T05:38:30.447Z
629625c0-e568-4f34-a0a2-f21d0fcdf1f3,9ddf70f9-bbc1-443d-bc61-d43c7eff6f35,REACH Compliance,Product Specific,ECHA,ECHA-ECL-10092,2024-05-17,2027-05-17,https://cdn.lithiumbuy.com/certs/d02d8a48-b2c5-4c86-9b2d-16369dd3592c.pdf,true,,,2024-05-17T05:38:30.447Z
2e8f1d72-bf6c-4615-8708-f2a585ac8e14,277bf9bb-fafe-41f0-903a-c7debfdda64b,IATF 16949:2016,Industry Specific,IATF,IATF-EME-30643,2024-08-26,2027-08-26,https://cdn.lithiumbuy.com/certs/06f25540-daae-46b7-8bc7-e75c1bd31a72.pdf,true,,,2024-08-26T05:38:30.447Z
ef4afd44-0857-4ada-b4f3-d5d21fd0fbd9,85f19c5f-c906-4131-a2e1-c7ee824853e5,ISO 9001:2015,Quality Management,ISO,ISO-LEG-47830,2025-05-07,2028-05-06,https://cdn.lithiumbuy.com/certs/1e0eec91-841c-4b47-80c8-fde3907ab4b0.pdf,true,,,2025-05-07T05:38:30.447Z
93687a67-24b4-43b9-8852-77157aadd9ee,b773ff39-d507-4e20-9088-7d1b90ef4c59,ISO 9001:2015,Quality Management,ISO,ISO-HOR-67265,2024-02-11,2027-02-10,https://cdn.lithiumbuy.com/certs/751c3e89-f254-4111-b30e-c5e9f7ff865c.pdf,true,,,2024-02-11T05:38:30.447Z
f48bd924-bf3b-4f81-accb-965c985435b7,46aa2e65-5481-48a0-a421-7cb0e2e0a8e9,REACH Compliance,Product Specific,ECHA,ECHA-DIA-12909,2023-03-19,2026-03-18,https://cdn.lithiumbuy.com/certs/b6fe81c7-214f-4364-aed5-4ed2998a5a57.pdf,true,,,2023-03-19T05:38:30.447Z
657e33ac-f77d-415b-8d5a-c04abc003ae8,46aa2e65-5481-48a0-a421-7cb0e2e0a8e9,ISO 45001:2018,Safety,ISO,ISO-DIA-99455,2024-03-02,2027-03-02,https://cdn.lithiumbuy.com/certs/cee405cc-5551-4f61-bfea-e4ca9e773a3c.pdf,true,,,2024-03-02T05:38:30.447Z
422e5aa0-5211-4ef6-8de9-cdae4ff58bcf,7046e05c-72f2-4a98-8623-30516724d0bc,ISO 9001:2015,Quality Management,ISO,ISO-PLA-19914,2023-01-23,2026-01-22,https://cdn.lithiumbuy.com/certs/a124407e-52b0-4c42-9c68-7939fa6d26a6.pdf,true,,,2023-01-23T05:38:30.447Z
b5025e0e-1f8b-4574-969e-793bf86459ec,7046e05c-72f2-4a98-8623-30516724d0bc,ISO 14001:2015,Environmental,ISO,ISO-PLA-59688,2023-03-29,2026-03-28,https://cdn.lithiumbuy.com/certs/034378ea-0d68-45e7-9ff1-11649473a10d.pdf,true,,,2023-03-29T05:38:30.447Z
d8734b01-940c-4594-896d-f14cfd25f07d,c43156d6-c9e0-40c1-98e7-8e1fa8d3aaa5,ISO 9001:2015,Quality Management,ISO,ISO-QUA-37346,2025-04-18,2028-04-17,https://cdn.lithiumbuy.com/certs/516a0a28-7bb5-4847-98ed-26218b9c1a19.pdf,true,,,2025-04-18T05:38:30.447Z
56cb1246-e24c-4f79-bf88-81fbf980dc6c,0af35e47-626b-47c8-9e0b-9872a03ae8b6,ISO 45001:2018,Safety,ISO,ISO-LEG-74264,2024-07-03,2027-07-03,https://cdn.lithiumbuy.com/certs/f94cec02-f83d-4e43-a044-e2bdf1e85107.pdf,false,,,2024-07-03T05:38:30.447Z
ddcb4212-e9b4-45fc-9c93-52bbedcb40c1,0af35e47-626b-47c8-9e0b-9872a03ae8b6,REACH Compliance,Product Specific,ECHA,ECHA-LEG-27183,2023-10-06,2026-10-05,https://cdn.lithiumbuy.com/certs/078fc4c7-8ad4-42c9-8834-e23dc804dbff.pdf,true,,,2023-10-06T05:38:30.447Z
35dcf784-1fa1-4a8d-867a-4f3f606de99e,2da0a606-c888-4caa-8d0c-81d3aed13dba,ISO 14001:2015,Environmental,ISO,ISO-NEX-44361,2025-06-21,2028-06-20,https://cdn.lithiumbuy.com/certs/98691332-778d-48e4-a76c-b2fa1b40d522.pdf,true,,,2025-06-21T05:38:30.448Z
58ca3f36-4a50-4179-ba9e-7f5efe4c93d1,526452e8-c64a-4b48-a821-9a65c3d3da45,ISO 14001:2015,Environmental,ISO,ISO-PRE-60977,2024-11-20,2027-11-20,https://cdn.lithiumbuy.com/certs/45aaffd4-0220-412a-aad5-56a3c8580c0f.pdf,true,,,2024-11-20T05:38:30.448Z
72f6579e-ee5f-4afb-bc3a-018ccf875112,4ab2dd23-7743-42ea-91be-b20cd0b3d3c5,REACH Compliance,Product Specific,ECHA,ECHA-PIO-60408,2023-11-20,2026-11-19,https://cdn.lithiumbuy.com/certs/08816863-d49c-45b3-b9e3-744b9bda1658.pdf,true,,,2023-11-20T05:38:30.448Z
ecb7dcda-2dab-422f-b04d-e7faaa711ead,58cdc450-a548-4401-8bf2-112ce2b3a84d,ISO 9001:2015,Quality Management,ISO,ISO-QUA-62186,2025-05-07,2028-05-06,https://cdn.lithiumbuy.com/certs/1efa92a4-7512-4ea5-8d9c-9f04baab98a1.pdf,true,,,2025-05-07T05:38:30.448Z
0a4794a7-3874-46af-bbef-a444da1a6fe9,07d0779a-7ff7-4ee0-b847-3d7249aff3bf,ISO 9001:2015,Quality Management,ISO,ISO-ADV-29944,2024-02-24,2027-02-23,https://cdn.lithiumbuy.com/certs/33181b4d-1df7-40ad-898e-5d4e9279cabb.pdf,false,,,2024-02-24T05:38:30.448Z
fe0e9c30-dcd5-4d0c-a6c1-d16491601fe0,07d0779a-7ff7-4ee0-b847-3d7249aff3bf,ISO 14001:2015,Environmental,ISO,ISO-ADV-65323,2023-09-06,2026-09-05,https://cdn.lithiumbuy.com/certs/46edea90-9116-442d-b22a-7c025c48546a.pdf,true,,,2023-09-06T05:38:30.448Z
dc4c3fbb-2617-45d1-8844-c186916cb669,5d5649db-7391-4669-88d9-6673def550de,REACH Compliance,Product Specific,ECHA,ECHA-LEG-50824,2025-04-16,2028-04-15,https://cdn.lithiumbuy.com/certs/b171406b-e320-4585-83e9-211a10b8a693.pdf,false,,,2025-04-16T05:38:30.448Z
71c301b0-60d9-4650-b8c4-3c518f40df03,5d5649db-7391-4669-88d9-6673def550de,ISO 45001:2018,Safety,ISO,ISO-LEG-77244,2025-04-22,2028-04-21,https://cdn.lithiumbuy.com/certs/b4e3ff06-570e-4aea-a5ad-cb7403ba16f2.pdf,false,,,2025-04-22T05:38:30.448Z
6bd60c6d-2838-4ab9-b9f3-0abc6139b734,3f719a20-196e-4723-8a34-9b1673a8bc47,ISO 14001:2015,Environmental,ISO,ISO-PLA-46129,2023-01-20,2026-01-19,https://cdn.lithiumbuy.com/certs/1abc55ab-bd13-43e9-8270-236523b46f87.pdf,true,,,2023-01-20T05:38:30.448Z
5ff02e53-7af6-447a-87a3-a03518e67ffb,3f719a20-196e-4723-8a34-9b1673a8bc47,REACH Compliance,Product Specific,ECHA,ECHA-PLA-78911,2024-03-07,2027-03-07,https://cdn.lithiumbuy.com/certs/54d261ff-51f8-4b70-a66f-667b0e692598.pdf,true,,,2024-03-07T05:38:30.448Z
1f262e91-955a-4429-a98d-3e95066b26f5,765d0fb4-d95b-4f37-9659-74ff955aacc3,RoHS Compliance,Product Specific,EU,EU-INT-18843,2024-01-25,2027-01-24,https://cdn.lithiumbuy.com/certs/b8c54e95-4bb3-49ac-bd18-bf4ac08ed840.pdf,true,,,2024-01-25T05:38:30.448Z
e3e8f65a-cea9-42d8-a020-a0004f6922c9,765d0fb4-d95b-4f37-9659-74ff955aacc3,ISO 14001:2015,Environmental,ISO,ISO-INT-28331,2024-09-17,2027-09-17,https://cdn.lithiumbuy.com/certs/10281b5c-400f-461d-9cd4-aa57094cd5de.pdf,true,,,2024-09-17T05:38:30.448Z
772818e0-2dec-447d-95cf-4aac830d9192,3a4a168c-8231-414f-b66c-cde9fd9e59d0,RoHS Compliance,Product Specific,EU,EU-UNI-42031,2023-06-17,2026-06-16,https://cdn.lithiumbuy.com/certs/90192c31-4b50-4e07-ac2e-5d4240053ccc.pdf,true,,,2023-06-17T05:38:30.448Z
46be082c-b313-4344-b307-3bd624aee1b5,265c448a-aec6-45d7-8da5-7ae53396b777,RoHS Compliance,Product Specific,EU,EU-PRE-42360,2024-12-16,2027-12-16,https://cdn.lithiumbuy.com/certs/d8f75dfc-35f1-4c2a-999a-336937c45196.pdf,false,,,2024-12-16T05:38:30.448Z
212a4a69-34e7-4cd7-8b62-05c112b6c122,09191d79-d858-43a1-8a44-050d114344a7,REACH Compliance,Product Specific,ECHA,ECHA-LEG-93632,2023-11-22,2026-11-21,https://cdn.lithiumbuy.com/certs/aa519e2c-ae9a-4d45-9ad0-cd81ca0f9f85.pdf,true,,,2023-11-22T05:38:30.448Z
baaafa06-738c-4491-a477-a8174ad3d433,ce7e8aa8-2bd9-4139-87d2-b1810e818017,ISO 14001:2015,Environmental,ISO,ISO-PRE-82380,2023-06-12,2026-06-11,https://cdn.lithiumbuy.com/certs/498c8c5c-9cb2-4194-b584-071c70306e05.pdf,true,,,2023-06-12T05:38:30.448Z
6de4f267-ecfd-4952-ad4a-88caf6939680,33341bfa-7a02-4df4-8eb7-e343553bacdd,ISO 9001:2015,Quality Management,ISO,ISO-GLO-31143,2023-12-09,2026-12-08,https://cdn.lithiumbuy.com/certs/f53636fc-e280-4096-81f1-e85ee88f49a9.pdf,true,,,2023-12-09T05:38:30.448Z
a0adada3-57b9-4d8a-889b-4b2f38fbfbad,92e40224-054a-4586-9281-4b7fc2df2278,RoHS Compliance,Product Specific,EU,EU-DIA-97230,2024-09-13,2027-09-13,https://cdn.lithiumbuy.com/certs/b2d97203-1fea-4adc-94c2-190c8e1fa264.pdf,false,,,2024-09-13T05:38:30.448Z
1ada88c7-f0f1-444d-a5fd-71e42b9f11f5,92e40224-054a-4586-9281-4b7fc2df2278,ISO 45001:2018,Safety,ISO,ISO-DIA-40530,2025-06-04,2028-06-03,https://cdn.lithiumbuy.com/certs/dfa981c2-8989-4473-a35e-1a08e5d4b83c.pdf,true,,,2025-06-04T05:38:30.448Z
23831e6a-f0a0-4a3d-8493-dbbe44f7a017,03d7c773-07d1-4c54-87fd-e34038901632,IATF 16949:2016,Industry Specific,IATF,IATF-DIA-49883,2024-07-24,2027-07-24,https://cdn.lithiumbuy.com/certs/fce52e53-ceef-43c7-93c8-aa4e096a7cd1.pdf,true,,,2024-07-24T05:38:30.448Z
fab5d78b-5829-4ec8-a3fa-2c9cfd68c101,9e435b1b-3b26-4f4b-9b97-17ba2e5c1452,RoHS Compliance,Product Specific,EU,EU-VER-44683,2023-06-27,2026-06-26,https://cdn.lithiumbuy.com/certs/e747df1e-18c8-47bb-a1e1-3572a5db7b62.pdf,true,,,2023-06-27T05:38:30.448Z
d2c84af8-1673-4805-95d9-628fe2894f28,bf88a555-918c-492c-9f7e-52f3067cd1fa,RoHS Compliance,Product Specific,EU,EU-VER-87296,2024-07-01,2027-07-01,https://cdn.lithiumbuy.com/certs/63067a44-5d99-40e3-b7b0-64619b1e623a.pdf,true,,,2024-07-01T05:38:30.448Z
d3b9c18a-c01a-4329-bb57-0509bd3c52f9,2f754c55-e158-45fa-be6b-851496b9ea40,RoHS Compliance,Product Specific,EU,EU-CON-78572,2024-05-30,2027-05-30,https://cdn.lithiumbuy.com/certs/6edec7f6-768b-414e-a73d-70401f329fac.pdf,true,,,2024-05-30T05:38:30.448Z
a0859618-6615-4863-a624-e3df9b07e703,2f754c55-e158-45fa-be6b-851496b9ea40,ISO 9001:2015,Quality Management,ISO,ISO-CON-27836,2023-05-25,2026-05-24,https://cdn.lithiumbuy.com/certs/0c18a164-c7da-4acd-9a0c-d1437b787e91.pdf,true,,,2023-05-25T05:38:30.448Z
2c467615-53bf-41b0-8df7-cb15fed9ce19,7f8fe15b-7d71-48da-8487-0aaa6b197c9b,RoHS Compliance,Product Specific,EU,EU-UNI-68495,2024-06-03,2027-06-03,https://cdn.lithiumbuy.com/certs/62940c4e-d4f4-46ee-9a73-2855ac0b3f7a.pdf,true,,,2024-06-03T05:38:30.448Z
7e89d9e3-da47-4f65-ad39-8be822a590de,069ad08e-21cf-45e4-bbc0-427b90c8ae9f,RoHS Compliance,Product Specific,EU,EU-ECL-58706,2025-03-29,2028-03-28,https://cdn.lithiumbuy.com/certs/9d9fa6d9-d5c2-4123-989e-daa39d084c1f.pdf,true,,,2025-03-29T05:38:30.448Z
212177fc-029d-4189-a47d-c96e23d3d43a,b3a55e8a-812c-4397-93ff-05259f0f42c8,ISO 45001:2018,Safety,ISO,ISO-ATL-21062,2023-05-23,2026-05-22,https://cdn.lithiumbuy.com/certs/3b180eeb-2cf7-401c-8abf-70305b68586b.pdf,true,,,2023-05-23T05:38:30.448Z
ce62e955-cf46-4ccf-89d1-7285d2a045f1,b3a55e8a-812c-4397-93ff-05259f0f42c8,IATF 16949:2016,Industry Specific,IATF,IATF-ATL-27310,2023-03-30,2026-03-29,https://cdn.lithiumbuy.com/certs/59e7b9b5-65ed-432e-b786-83d4ca41e4c7.pdf,true,,,2023-03-30T05:38:30.448Z
f0f7b496-1198-435f-9acf-5b92572f83fd,1084f4f1-4e9b-4266-b782-ae20022825b0,ISO 14001:2015,Environmental,ISO,ISO-ATL-73003,2025-06-05,2028-06-04,https://cdn.lithiumbuy.com/certs/72a3624f-f9a4-48df-9237-65202d4d86bf.pdf,true,,,2025-06-05T05:38:30.448Z
1588fcc4-4c71-46a2-a410-a2562a13402a,ee2e59c2-0031-48e5-8e02-06bcc4fc83f7,REACH Compliance,Product Specific,ECHA,ECHA-ZEN-46122,2025-04-05,2028-04-04,https://cdn.lithiumbuy.com/certs/dd84ed7d-a0a7-4e7d-8a32-680826d8702e.pdf,false,,,2025-04-05T05:38:30.448Z
0726fb48-f71d-4e7d-b90f-b78197e99c46,ee2e59c2-0031-48e5-8e02-06bcc4fc83f7,IATF 16949:2016,Industry Specific,IATF,IATF-ZEN-71598,2024-03-29,2027-03-29,https://cdn.lithiumbuy.com/certs/8eab430d-e324-4686-b537-e157287d1a2e.pdf,true,,,2024-03-29T05:38:30.448Z
601d5924-4157-4ad8-8ef1-c5a758d8fdf2,e897675f-2cb6-40c7-84a0-7f4b1434e0cd,ISO 9001:2015,Quality Management,ISO,ISO-PIO-28815,2023-03-11,2026-03-10,https://cdn.lithiumbuy.com/certs/407dae7a-4600-4a12-b706-f93ee36d40b4.pdf,true,,,2023-03-11T05:38:30.448Z
b8d491b4-ba0d-407b-b7eb-e988923098d6,e897675f-2cb6-40c7-84a0-7f4b1434e0cd,ISO 14001:2015,Environmental,ISO,ISO-PIO-76760,2024-11-11,2027-11-11,https://cdn.lithiumbuy.com/certs/750934d5-10a0-4ed3-a83c-d1e0f993d751.pdf,true,,,2024-11-11T05:38:30.448Z
a91ca3fd-1504-4f64-b10d-73865c3fcf44,6b2a28c1-efc7-4c51-9f8b-6b6091a53401,REACH Compliance,Product Specific,ECHA,ECHA-ZEN-62276,2024-05-24,2027-05-24,https://cdn.lithiumbuy.com/certs/d7f7bd43-7717-43fa-8f91-9960a19a56f5.pdf,true,,,2024-05-24T05:38:30.448Z
e1e0268f-f53e-4127-aca3-e6c3f224de0d,0da3391f-6ec1-4d91-9502-5dd71c6bc945,ISO 45001:2018,Safety,ISO,ISO-ATL-33093,2023-03-24,2026-03-23,https://cdn.lithiumbuy.com/certs/2721e6fc-f451-4ba8-9b59-564a032ae5ef.pdf,false,,,2023-03-24T05:38:30.448Z
3c5b2193-366a-4205-ab44-976c8e6a0d36,58dbceb8-d97c-4f7b-86d5-3596474df86c,RoHS Compliance,Product Specific,EU,EU-DIA-95806,2024-09-18,2027-09-18,https://cdn.lithiumbuy.com/certs/cc2f3e5f-7e0d-4902-9df1-a15fa414a5de.pdf,true,,,2024-09-18T05:38:30.448Z
a1007518-62b9-4898-923d-2c937c99a36b,58dbceb8-d97c-4f7b-86d5-3596474df86c,REACH Compliance,Product Specific,ECHA,ECHA-DIA-22599,2024-01-17,2027-01-16,https://cdn.lithiumbuy.com/certs/a360fe6a-046d-4e63-9632-91eb6709c8a5.pdf,true,,,2024-01-17T05:38:30.448Z
156f01dd-05dd-4488-80f2-4a446ebb84bc,f0c10fd4-4824-48f0-8cf6-69a22c1b43f2,ISO 14001:2015,Environmental,ISO,ISO-PAC-39531,2025-02-13,2028-02-13,https://cdn.lithiumbuy.com/certs/abb7c935-684f-4f4a-b46a-0bd752e3b0b9.pdf,true,,,2025-02-13T05:38:30.448Z
3001deb3-ac5b-4a6b-bcb6-da520214db48,f0c10fd4-4824-48f0-8cf6-69a22c1b43f2,ISO 9001:2015,Quality Management,ISO,ISO-PAC-99963,2024-11-26,2027-11-26,https://cdn.lithiumbuy.com/certs/fc2b373e-6ef5-48dd-8465-39f501db3736.pdf,false,,,2024-11-26T05:38:30.448Z
5c64f3ba-5101-456a-ab9f-e9e439ad8b80,4dc832b4-9cc1-4014-8e58-07e70889ab89,RoHS Compliance,Product Specific,EU,EU-EME-84951,2025-04-06,2028-04-05,https://cdn.lithiumbuy.com/certs/103449a8-731b-4ebd-bf24-146f27c34ebb.pdf,true,,,2025-04-06T05:38:30.448Z
df3a3c09-0e4e-4c40-beed-1d63fbe663d2,4dc832b4-9cc1-4014-8e58-07e70889ab89,REACH Compliance,Product Specific,ECHA,ECHA-EME-57063,2024-09-24,2027-09-24,https://cdn.lithiumbuy.com/certs/8a763783-6200-46ad-94b1-76afd986a389.pdf,true,,,2024-09-24T05:38:30.448Z
324f6c61-e4dc-470e-a9a7-3db6ef4e1c14,e25887d0-5884-4785-a22c-af72e2626bd4,RoHS Compliance,Product Specific,EU,EU-HOR-69449,2024-06-10,2027-06-10,https://cdn.lithiumbuy.com/certs/8eb70c5d-7ae0-4e3e-b953-f3e8b1692629.pdf,true,,,2024-06-10T05:38:30.448Z
1421d286-45f1-41e3-b936-aa7e549dbea7,e25887d0-5884-4785-a22c-af72e2626bd4,ISO 9001:2015,Quality Management,ISO,ISO-HOR-70482,2024-03-18,2027-03-18,https://cdn.lithiumbuy.com/certs/7725a4b4-654b-40d5-9aa2-644ec34bda5f.pdf,true,,,2024-03-18T05:38:30.448Z
2f6a5c9e-8417-4703-8780-ee681eda1769,02928f0e-27b3-43ea-bfe8-9fe0dd78620f,REACH Compliance,Product Specific,ECHA,ECHA-SUM-38238,2024-08-08,2027-08-08,https://cdn.lithiumbuy.com/certs/3d12aaca-0736-4dc7-b99c-ad87f785e568.pdf,true,,,2024-08-08T05:38:30.448Z
6c72c614-9712-49d8-9d4b-4126aa0298ba,fe57c791-f841-4b8b-8fd0-68d854ee8ce5,REACH Compliance,Product Specific,ECHA,ECHA-FRO-35919,2024-05-01,2027-05-01,https://cdn.lithiumbuy.com/certs/6c3f81fd-514d-4def-b192-e131dcd78bd6.pdf,true,,,2024-05-01T05:38:30.448Z
f81db920-2d0c-4a44-97ef-c2a36d8942bd,fe57c791-f841-4b8b-8fd0-68d854ee8ce5,ISO 45001:2018,Safety,ISO,ISO-FRO-87228,2023-01-28,2026-01-27,https://cdn.lithiumbuy.com/certs/22a675f2-cc5f-45d9-8f15-ef30eb3ebd21.pdf,true,,,2023-01-28T05:38:30.448Z
75201cce-0be2-4a45-8185-941f51f81590,d108e80f-d16f-4dbc-b16f-1587d9c2e46e,ISO 14001:2015,Environmental,ISO,ISO-INT-18063,2023-01-05,2026-01-04,https://cdn.lithiumbuy.com/certs/2b6e6aa3-223c-44d3-b647-660916b5477d.pdf,true,,,2023-01-05T05:38:30.448Z
f6cfe74e-8c93-4a9e-9bd1-dc8daa2337c7,d108e80f-d16f-4dbc-b16f-1587d9c2e46e,ISO 45001:2018,Safety,ISO,ISO-INT-59293,2024-09-02,2027-09-02,https://cdn.lithiumbuy.com/certs/561dd3b9-7fb2-4a04-8402-1365ddba3a1e.pdf,true,,,2024-09-02T05:38:30.448Z
09fbbfbc-871f-4701-a14e-e998ddb57162,f16cc7d8-2a7e-4a46-af12-1f1b632bb344,RoHS Compliance,Product Specific,EU,EU-NEX-17457,2023-08-21,2026-08-20,https://cdn.lithiumbuy.com/certs/77f3edab-ff8e-4e89-8fa8-3aea082a272c.pdf,true,,,2023-08-21T05:38:30.448Z
78afa3d0-fe15-43ac-ad5a-4a8fa4bf57f9,f16cc7d8-2a7e-4a46-af12-1f1b632bb344,REACH Compliance,Product Specific,ECHA,ECHA-NEX-96601,2023-12-10,2026-12-09,https://cdn.lithiumbuy.com/certs/535a3a46-4b6a-4ab1-8744-7223808fcbf6.pdf,false,,,2023-12-10T05:38:30.448Z
4905fb43-adc9-408c-955d-cd16e4a8303a,84e986ac-d907-4062-b8a1-76728cedcc12,IATF 16949:2016,Industry Specific,IATF,IATF-ZEN-49068,2024-07-08,2027-07-08,https://cdn.lithiumbuy.com/certs/bf221835-666c-40db-be1b-420738b36620.pdf,false,,,2024-07-08T05:38:30.448Z
3d2a755a-fd7c-436d-ae6e-3af26aa30e97,2d30e743-73b2-47fc-9549-5369d02cc849,REACH Compliance,Product Specific,ECHA,ECHA-ECL-80773,2024-08-09,2027-08-09,https://cdn.lithiumbuy.com/certs/fd02c626-f011-4d86-b6d6-b8d9b6c9e21e.pdf,true,,,2024-08-09T05:38:30.448Z
ca3eed6a-4e79-48c2-b8ce-aae71ba1c51f,cf9be32a-f138-41c4-b44b-755d39c6f0d3,REACH Compliance,Product Specific,ECHA,ECHA-PRE-58414,2023-01-19,2026-01-18,https://cdn.lithiumbuy.com/certs/9335417c-e08a-439b-be90-4fdd3711fd3f.pdf,true,,,2023-01-19T05:38:30.448Z
112c15be-363d-42ac-b460-96ac3b0fd39c,cf9be32a-f138-41c4-b44b-755d39c6f0d3,RoHS Compliance,Product Specific,EU,EU-PRE-12088,2023-08-28,2026-08-27,https://cdn.lithiumbuy.com/certs/0000db8d-e887-4fdd-8bcf-eaaf8dd4012b.pdf,true,,,2023-08-28T05:38:30.448Z
79d19ce2-40a1-496e-bd75-cd83bee3002a,a94b6af0-5cf0-494d-81e7-3dec16498b23,ISO 9001:2015,Quality Management,ISO,ISO-ECL-69427,2023-02-17,2026-02-16,https://cdn.lithiumbuy.com/certs/69fac8ac-c79f-4418-88fb-463e0957ebe4.pdf,true,,,2023-02-17T05:38:30.448Z
254920be-c500-4e9b-a027-51f5eb926daa,a355b262-f108-4bd3-a667-220684eb08fa,RoHS Compliance,Product Specific,EU,EU-DIA-47482,2023-07-20,2026-07-19,https://cdn.lithiumbuy.com/certs/f252a8e7-a31a-4bd7-b2f5-0497558b9d96.pdf,true,,,2023-07-20T05:38:30.448Z
19926553-2d71-49ef-b672-800e452158c0,a355b262-f108-4bd3-a667-220684eb08fa,ISO 9001:2015,Quality Management,ISO,ISO-DIA-14408,2024-06-28,2027-06-28,https://cdn.lithiumbuy.com/certs/72b46f4c-3d10-43e6-b930-1bdfc8363e3c.pdf,true,,,2024-06-28T05:38:30.448Z
a75e994e-55ec-4211-9dba-949331adc527,58b993bc-0e84-4dad-885f-5ff25ab85520,ISO 9001:2015,Quality Management,ISO,ISO-HOR-19112,2024-05-31,2027-05-31,https://cdn.lithiumbuy.com/certs/c8e96b89-0d62-40ad-bfa8-779b14545c6b.pdf,true,,,2024-05-31T05:38:30.448Z
251ca6d4-a10d-4abc-aafb-656e4a55c332,58b993bc-0e84-4dad-885f-5ff25ab85520,ISO 14001:2015,Environmental,ISO,ISO-HOR-71115,2024-03-24,2027-03-24,https://cdn.lithiumbuy.com/certs/e921d613-33bd-480d-bb9d-9362f9a6034a.pdf,false,,,2024-03-24T05:38:30.448Z
89f83390-f4f0-4986-8bea-879eeef16564,ebdf84c6-923d-4f92-8177-d2dfd2dd9fa6,ISO 9001:2015,Quality Management,ISO,ISO-MER-89865,2023-07-22,2026-07-21,https://cdn.lithiumbuy.com/certs/f9bf0c78-abe2-43f3-9432-04f98482bfcd.pdf,true,,,2023-07-22T05:38:30.448Z
cf7c1dbc-d0e3-4332-bb60-8089eeb2853c,af118ca3-20ec-42de-b6d2-05ac60311982,ISO 9001:2015,Quality Management,ISO,ISO-INT-64350,2024-10-05,2027-10-05,https://cdn.lithiumbuy.com/certs/2ea42d13-5e15-44ce-9442-5b9249c39b49.pdf,true,,,2024-10-05T05:38:30.448Z
5d771b14-5033-4780-80e6-ed7d750fa9a8,af118ca3-20ec-42de-b6d2-05ac60311982,ISO 14001:2015,Environmental,ISO,ISO-INT-70177,2023-09-19,2026-09-18,https://cdn.lithiumbuy.com/certs/fc810ce3-24c1-40da-b063-4fed0c0f0494.pdf,false,,,2023-09-19T05:38:30.448Z
9910b3db-2fa9-40be-8605-36aa13891ce2,870dc9ac-795a-4851-ac2a-3cf9f083df9f,ISO 9001:2015,Quality Management,ISO,ISO-50068,2024-02-21,2027-02-20,https://cdn.lithiumbuy.com/certs/02ae4a53-776a-4e6b-90e4-3ccf0bf2f7be.pdf,true,62994d66-a6d6-4fb3-bd97-7e83ef5ff8cc,2025-11-29T05:39:44.584Z,2024-02-21T05:39:44.584Z
e2d2ad60-ccfe-4efc-bfd5-6d34cb70a7bf,899e3891-f93f-4d0d-8a05-4f23adaeac21,ISO 9001:2015,Quality Management,ISO,ISO-51943,2023-09-25,2026-09-24,https://cdn.lithiumbuy.com/certs/12687eeb-c1ac-45a2-8e08-961d4c6d15d3.pdf,true,392c9f97-1380-4018-a123-bbe90d971abe,2025-12-02T05:39:44.584Z,2023-09-25T05:39:44.584Z
67b6860d-d59a-4e65-9086-c223e17ef5f0,86840899-7fd7-43ef-bb0b-d9662d595c82,ISO 45001:2018,Safety,ISO,ISO-91427,2023-02-10,2026-02-09,https://cdn.lithiumbuy.com/certs/d5b2109a-1d63-4b86-b634-ab8a5f7ede23.pdf,true,17302571-a474-4c6d-b148-f4a2da5a9f71,2025-09-06T05:39:44.584Z,2023-02-10T05:39:44.584Z
7b408e32-c26d-45b8-a8f6-7e7a5dbec4b5,d108e80f-d16f-4dbc-b16f-1587d9c2e46e,ISO 14001:2015,Environmental,ISO,ISO-83489,2023-05-08,2026-05-07,https://cdn.lithiumbuy.com/certs/afb10a85-8b6e-40c8-9d36-d65c1300120c.pdf,true,8c125279-9b3a-497a-b5a5-3f9dd38664dd,2025-08-15T05:39:44.584Z,2023-05-08T05:39:44.584Z
a617bd76-fdb7-4cc0-a640-9e32236399ee,9e435b1b-3b26-4f4b-9b97-17ba2e5c1452,ISO 45001:2018,Safety,ISO,ISO-23489,2024-03-10,2027-03-10,https://cdn.lithiumbuy.com/certs/fb3e7abc-9cd8-40ca-a504-4ed4be264b3c.pdf,true,53af88e7-1c9e-4501-90f6-1614f95bbfba,2025-07-14T05:39:44.584Z,2024-03-10T05:39:44.584Z
62ab82d4-c031-4178-b6e1-103d6315106f,03d7c773-07d1-4c54-87fd-e34038901632,ISO 45001:2018,Safety,ISO,ISO-75801,2025-05-18,2028-05-17,https://cdn.lithiumbuy.com/certs/e377734d-e9c4-4aab-acab-1c9660225bd7.pdf,true,15365846-ce92-4b46-a5e3-01ae1e8bdece,2025-10-14T05:39:44.584Z,2025-05-18T05:39:44.584Z
cef265b5-f0fe-477c-9204-beb454ba1498,b69730b6-17d6-4542-aa43-08d7f788dacc,IATF 16949:2016,Industry Specific,IATF,IATF-51794,2024-06-26,2027-06-26,https://cdn.lithiumbuy.com/certs/becb8e0f-28c0-4c12-a2f3-86b30c18184c.pdf,true,3baa7d48-3367-47a8-9a66-6435975de616,2025-10-04T05:39:44.584Z,2024-06-26T05:39:44.584Z
291c3dfb-e00c-40d9-9248-74c37659faa0,4942af99-35dc-4674-8541-92dc7395fa0b,IATF 16949:2016,Industry Specific,IATF,IATF-25463,2024-12-02,2027-12-02,https://cdn.lithiumbuy.com/certs/0b7f7b02-7614-496e-9e51-f76b784ac0a5.pdf,true,03a71b47-4ecc-4b4c-95ed-29093e932fc2,2025-08-17T05:39:44.584Z,2024-12-02T05:39:44.584Z
317c77ac-cc21-430c-87df-84653ea21d59,b81d6b03-e5b8-4775-ae41-f217e25d8d23,ISO 9001:2015,Quality Management,ISO,ISO-68403,2023-11-02,2026-11-01,https://cdn.lithiumbuy.com/certs/30490fa3-b860-48ec-88b6-ac038f620a09.pdf,true,b11a83aa-2810-4f8a-9b0a-6074e68b98bf,2025-10-24T05:39:44.584Z,2023-11-02T05:39:44.584Z
24250149-451e-4adf-8cb7-0ff353479b5a,d74f7fe2-0419-4385-bd64-0b1ec5f0c7ea,ISO 45001:2018,Safety,ISO,ISO-86962,2023-09-30,2026-09-29,https://cdn.lithiumbuy.com/certs/2aa04183-3961-40b8-bc63-26d6dfa5db32.pdf,true,973204ee-70d3-4ede-af5f-b1698fdd9a29,2025-09-15T05:39:44.584Z,2023-09-30T05:39:44.584Z
42d40183-ef46-4170-a0ba-1b62226cb355,1084f4f1-4e9b-4266-b782-ae20022825b0,ISO 45001:2018,Safety,ISO,ISO-54296,2023-01-11,2026-01-10,https://cdn.lithiumbuy.com/certs/92559baa-00c8-4bb7-9ffc-d129cc1c2b4c.pdf,true,7b284b28-19e7-4d12-9aed-b9acc31d4ef1,2025-11-25T05:39:44.584Z,2023-01-11T05:39:44.584Z
f0b4a8af-0626-4adc-bab3-d050527eeadb,15a2f15e-2b3b-4d6c-95c0-45c55b4da187,ISO 45001:2018,Safety,ISO,ISO-40302,2023-08-24,2026-08-23,https://cdn.lithiumbuy.com/certs/d6a96590-b57d-49ac-b950-a3ce4e981724.pdf,true,bef46260-5027-40ce-a785-fc9e8404f928,2025-08-30T05:39:44.584Z,2023-08-24T05:39:44.584Z
52db6000-9dcf-4c1f-8657-3f5a457ac299,a9baa336-d8c1-4f17-a5a3-33647959e08d,ISO 9001:2015,Quality Management,ISO,ISO-63183,2024-07-29,2027-07-29,https://cdn.lithiumbuy.com/certs/f015f641-8d49-4b8d-b582-1529706972af.pdf,true,1659e9f9-a501-461d-aea8-89316d2e307f,2025-09-14T05:39:44.584Z,2024-07-29T05:39:44.584Z
3404b92d-0c07-4ade-ba95-2878e3bdf7b0,b76f14c3-32ac-44cf-9716-780bbb7f98f9,ISO 14001:2015,Environmental,ISO,ISO-69963,2024-09-22,2027-09-22,https://cdn.lithiumbuy.com/certs/a9670add-36c5-42de-9928-91378cd6445b.pdf,true,9db8801c-9096-41a1-9086-1e525e14ceda,2025-09-06T05:39:44.585Z,2024-09-22T05:39:44.584Z
de759ca6-9e6c-4ee2-a07a-801fd7a92d01,732065c3-9210-49c5-9c01-d28eb1e753cd,ISO 45001:2018,Safety,ISO,ISO-59764,2024-09-21,2027-09-21,https://cdn.lithiumbuy.com/certs/db592bca-fbbb-437b-b04e-ff4595f715fe.pdf,true,c89de796-5edd-4877-80fb-edec55caad34,2025-09-19T05:39:44.585Z,2024-09-21T05:39:44.585Z
bcf51287-18f0-498c-9647-5293929f3a50,a355b262-f108-4bd3-a667-220684eb08fa,ISO 14001:2015,Environmental,ISO,ISO-50027,2024-02-21,2027-02-20,https://cdn.lithiumbuy.com/certs/7d239d57-8b3e-407b-90b7-de3cdedafd9b.pdf,true,2a21cea9-aa43-42ad-b22b-43a1fe651470,2025-10-31T05:39:44.585Z,2024-02-21T05:39:44.585Z
181e5e97-217f-410f-8ba7-20e84aafc5e6,6786451c-c5f5-4316-9fa5-7427bb245cfa,ISO 45001:2018,Safety,ISO,ISO-79678,2024-03-24,2027-03-24,https://cdn.lithiumbuy.com/certs/56f1e601-1200-4115-9fd7-59224224122a.pdf,true,7fc893eb-9fe0-427a-96f1-4c903a98d7a6,2025-07-17T05:39:44.585Z,2024-03-24T05:39:44.585Z
47fdc1f1-f60f-49fd-b819-e018e0e7feaf,c6fd996f-9111-44dd-8a5c-447d9ec855ce,IATF 16949:2016,Industry Specific,IATF,IATF-51343,2025-05-06,2028-05-05,https://cdn.lithiumbuy.com/certs/dff985ef-a891-4f4c-a072-b4ef8a16709c.pdf,true,9ab22b25-72d8-4ab7-90fb-073894f73e67,2025-08-02T05:39:44.585Z,2025-05-06T05:39:44.585Z
946c412f-5ee4-4137-897a-7d73f5e6b845,0993ef4e-0912-4214-88b5-f09012b23d4a,ISO 45001:2018,Safety,ISO,ISO-12971,2025-05-29,2028-05-28,https://cdn.lithiumbuy.com/certs/92dbb8c6-8e9c-4f75-bc11-84759347e651.pdf,true,73f67838-985b-4246-88ce-a9762920789a,2025-10-08T05:39:44.585Z,2025-05-29T05:39:44.585Z
e5dc4938-2847-4357-b234-98cb96a9232b,2d30e743-73b2-47fc-9549-5369d02cc849,ISO 9001:2015,Quality Management,ISO,ISO-69869,2024-01-31,2027-01-30,https://cdn.lithiumbuy.com/certs/b03afada-4a3f-4506-b419-aa4cd6a6f221.pdf,true,c489fbe1-585c-404b-9668-0f817eff2fbc,2025-09-08T05:39:44.585Z,2024-01-31T05:39:44.585Z
ad00edb7-59ea-4f3c-9d6e-19d4c716a18e,7d9de43b-e552-4a17-b164-3bc041b4bdc9,ISO 14001:2015,Environmental,ISO,ISO-19323,2023-06-08,2026-06-07,https://cdn.lithiumbuy.com/certs/c5812b6f-c591-49b7-9ed6-8487c57c1b54.pdf,true,a1db766e-f78c-4e1f-b0b9-3888b69dad56,2025-07-08T05:39:44.585Z,2023-06-08T05:39:44.585Z
435424b6-c903-435b-9a36-b98c4a8f13d9,37fbb935-02c2-4908-8a0d-1767ce72736c,ISO 14001:2015,Environmental,ISO,ISO-66063,2024-03-06,2027-03-06,https://cdn.lithiumbuy.com/certs/7fb05118-bbed-4993-a4f0-563c1e43ffa5.pdf,true,fcdc9c17-8170-4a6c-a8d6-a5dbd2714474,2025-08-28T05:39:44.585Z,2024-03-06T05:39:44.585Z
a9af79e9-d8b8-4959-bc61-f58ec08fbef4,420bfee0-8d70-4bca-a8a3-5664e72d8fef,ISO 14001:2015,Environmental,ISO,ISO-19803,2023-08-01,2026-07-31,https://cdn.lithiumbuy.com/certs/fba7bb77-72b7-42d6-b668-4ee87ca66b92.pdf,true,6506df0a-b285-4756-9500-5a8bf82839aa,2025-11-07T05:39:44.585Z,2023-08-01T05:39:44.585Z
e706525d-62f0-4432-9f7e-e4ed2aa88fc7,5c40cade-c942-4528-8048-02a989eed85d,IATF 16949:2016,Industry Specific,IATF,IATF-23262,2023-04-07,2026-04-06,https://cdn.lithiumbuy.com/certs/adc32214-f5f8-4802-ada1-bd1d008b4a9f.pdf,true,4cd8fcb7-6b10-42e8-9866-13f5303f1276,2025-09-18T05:39:44.585Z,2023-04-07T05:39:44.585Z
781a0266-605f-49b2-b8fb-bbc3ef937f6e,6a83ca53-c0a9-42ef-85a8-c6007f6d97b5,ISO 45001:2018,Safety,ISO,ISO-10261,2024-11-04,2027-11-04,https://cdn.lithiumbuy.com/certs/1a935d76-6b60-4c83-85e0-89a391d6ec35.pdf,true,9de320df-2b46-4505-baa9-a58e2751febd,2025-11-01T05:39:44.585Z,2024-11-04T05:39:44.585Z
e40fd89a-b73e-40c4-b980-23735aa19900,67517fe0-7dcb-4ec1-9d30-cd456cb8c0af,ISO 14001:2015,Environmental,ISO,ISO-93466,2024-06-03,2027-06-03,https://cdn.lithiumbuy.com/certs/1ea0b6bc-b5b4-4c50-9ecf-f863428e2efd.pdf,true,335832d0-0a29-4874-8719-b40998b3ef9e,2025-10-14T05:39:44.585Z,2024-06-03T05:39:44.585Z
18785d47-537f-4e55-a1c6-136183fc1802,58cdc450-a548-4401-8bf2-112ce2b3a84d,ISO 45001:2018,Safety,ISO,ISO-71777,2023-03-30,2026-03-29,https://cdn.lithiumbuy.com/certs/eb22843b-c84f-4d40-b1c2-93ce640c7ed6.pdf,true,b16216b1-a2de-46a6-b017-c685370bda52,2025-11-12T05:39:44.585Z,2023-03-30T05:39:44.585Z
a4fb7c22-ae08-4032-b1a9-fc1761b8de8d,4496c558-39c2-486f-8c7b-d621e76a1d0b,ISO 45001:2018,Safety,ISO,ISO-61479,2023-11-12,2026-11-11,https://cdn.lithiumbuy.com/certs/39c9717d-9f75-4ea2-9622-92baa2f72056.pdf,true,cc82a444-822f-46d4-8dfc-784d07603aa4,2025-08-17T05:39:44.585Z,2023-11-12T05:39:44.585Z
234e563b-416a-4c0d-9e0e-49fe3d53b95f,d4507d8e-c7cb-462f-bbb7-77ad981830f8,IATF 16949:2016,Industry Specific,IATF,IATF-63855,2023-05-11,2026-05-10,https://cdn.lithiumbuy.com/certs/1e097457-5251-4278-b954-47c4205b76ec.pdf,true,9f09c6b5-1565-46c7-980d-6cd0550f3c3d,2025-08-15T05:39:44.585Z,2023-05-11T05:39:44.585Z
c46b254b-54fd-4776-9e92-c55eb089705c,c0124f38-aa90-4f77-a4d2-4ffebd19ff19,ISO 14001:2015,Environmental,ISO,ISO-34264,2023-03-20,2026-03-19,https://cdn.lithiumbuy.com/certs/4d13fd57-294b-4f7f-9813-6f8fee3c185c.pdf,true,79fee4a4-9706-46a4-847b-6dd7fc017799,2025-11-07T05:39:44.585Z,2023-03-20T05:39:44.585Z
a074f6d6-8d4c-44f5-92d1-bea513d9bddf,03d7c773-07d1-4c54-87fd-e34038901632,ISO 14001:2015,Environmental,ISO,ISO-68771,2024-01-24,2027-01-23,https://cdn.lithiumbuy.com/certs/a9a926b7-e80e-4049-b0d3-2e5bb3a24c88.pdf,true,828077e9-358b-47de-8995-2c93d4e29111,2025-08-03T05:39:44.585Z,2024-01-24T05:39:44.585Z
0099d65d-2467-48ee-86ed-04095134fa00,a12299a4-2c5b-42a9-ba81-b50ed03324ea,ISO 14001:2015,Environmental,ISO,ISO-87369,2023-05-14,2026-05-13,https://cdn.lithiumbuy.com/certs/61398be3-d266-4266-bd04-a4306ed50fba.pdf,true,5e355ee4-2a4a-4417-a74b-9af61669aa56,2025-09-02T05:39:44.585Z,2023-05-14T05:39:44.585Z
a7066779-d07a-4495-a060-34b5d176f35d,9253540c-1c21-46d1-99d1-c5c4f716d37a,IATF 16949:2016,Industry Specific,IATF,IATF-22246,2023-01-12,2026-01-11,https://cdn.lithiumbuy.com/certs/ff6995b2-79e6-4674-b227-93ee52b30d98.pdf,true,06c1d10f-c143-41df-9aaa-a6a803a026ef,2025-11-09T05:39:44.585Z,2023-01-12T05:39:44.585Z
9b3cb65d-76f1-4efd-bb94-fe5dc2af27f3,03d7c773-07d1-4c54-87fd-e34038901632,ISO 14001:2015,Environmental,ISO,ISO-29831,2023-05-10,2026-05-09,https://cdn.lithiumbuy.com/certs/5e09d155-d7bb-45dd-b4fa-3044fe7ecc5b.pdf,true,6a77c00d-c5b4-4587-844b-4b484ce555f5,2025-10-24T05:39:44.585Z,2023-05-10T05:39:44.585Z
4d143f3d-9ab2-4f93-9ae8-4cd7d0bde98b,9229b841-28bc-4c21-ae95-b1580c26e5c4,ISO 45001:2018,Safety,ISO,ISO-49572,2024-04-12,2027-04-12,https://cdn.lithiumbuy.com/certs/3c6e0f2e-11ea-46fb-9ec6-313048f8820a.pdf,true,90822d94-a3be-4060-846c-42ec99d42cca,2025-08-08T05:39:44.585Z,2024-04-12T05:39:44.585Z
98e542bc-3941-49c8-92d4-2fb076719426,3969643f-066c-4899-9665-45657442ebf6,ISO 14001:2015,Environmental,ISO,ISO-93680,2024-04-24,2027-04-24,https://cdn.lithiumbuy.com/certs/7da1f6b7-b263-4695-9b06-8e743e69fb37.pdf,true,0d4158f8-ba8b-4a12-b264-24b29ba8afa6,2025-09-24T05:39:44.585Z,2024-04-24T05:39:44.585Z
33d89cf1-6522-43ec-8365-df19591c5dfe,15a2f15e-2b3b-4d6c-95c0-45c55b4da187,IATF 16949:2016,Industry Specific,IATF,IATF-76167,2025-05-21,2028-05-20,https://cdn.lithiumbuy.com/certs/94c64513-78a7-43cb-a076-231c9f7d23af.pdf,true,4e5de6d2-ff2c-4ac9-80e7-e6debd0812d7,2025-10-25T05:39:44.585Z,2025-05-21T05:39:44.585Z
60b036bc-76be-471d-8ce3-8c589a059955,90be6962-3f84-4ae1-b418-fc65256c02d0,ISO 9001:2015,Quality Management,ISO,ISO-51788,2024-06-28,2027-06-28,https://cdn.lithiumbuy.com/certs/98415122-1ad8-4d92-8e97-afa91c539417.pdf,true,8b3460b1-ac2f-46ff-b374-8e8e58ebc274,2025-12-03T05:39:44.585Z,2024-06-28T05:39:44.585Z
a9e58e24-050c-4112-af08-6ba6c49acf9b,9111d683-0be7-422c-b2d1-c65d47891556,ISO 9001:2015,Quality Management,ISO,ISO-71768,2024-10-24,2027-10-24,https://cdn.lithiumbuy.com/certs/c04871ab-8efa-46d1-a51f-dc58940eb71b.pdf,true,159a1dcd-4371-48e0-b04b-d7345b1015a4,2025-07-22T05:39:44.585Z,2024-10-24T05:39:44.585Z
2b106e2e-20b4-4fd4-a63b-73f60bffd391,68db7c08-8dcd-4cb6-b001-eec88539af33,ISO 45001:2018,Safety,ISO,ISO-18609,2024-01-21,2027-01-20,https://cdn.lithiumbuy.com/certs/ad11c405-7837-46fd-b8ff-061163b32f5b.pdf,true,6fb01fb9-7e81-400c-ae14-7fa1527cbc36,2025-08-17T05:39:44.585Z,2024-01-21T05:39:44.585Z
23445f0f-93e1-4169-a53c-29438b7b79f0,92e40224-054a-4586-9281-4b7fc2df2278,ISO 45001:2018,Safety,ISO,ISO-21850,2024-02-16,2027-02-15,https://cdn.lithiumbuy.com/certs/cc86a7e7-3a2c-4ea2-af07-f3f2ec07ef42.pdf,true,9b55df99-99ea-4b31-b73c-ac15239f1d3d,2025-09-05T05:39:44.585Z,2024-02-16T05:39:44.585Z
b97694c1-5610-4e7f-85c9-90e4c42798a9,d108e80f-d16f-4dbc-b16f-1587d9c2e46e,ISO 14001:2015,Environmental,ISO,ISO-17334,2025-07-03,2028-07-02,https://cdn.lithiumbuy.com/certs/b82888e8-6674-4938-92de-b0a4fbe3c194.pdf,true,450b95e2-ca70-404c-adb1-87772b9ce208,2025-10-26T05:39:44.585Z,2025-07-03T05:39:44.585Z
534f306b-69f0-4637-9321-2f52b452de34,e7ab2aab-8519-40c3-beaa-7170563187c1,ISO 45001:2018,Safety,ISO,ISO-45741,2025-02-25,2028-02-25,https://cdn.lithiumbuy.com/certs/905541a7-6bc6-4bea-b09f-7c4e67e2f96d.pdf,true,6a68f366-9784-48f5-8d06-6b1bb81cbdce,2025-11-23T05:39:44.585Z,2025-02-25T05:39:44.585Z
6009c429-7d8e-4ee8-b423-fcb3b8f7d642,88289413-90bf-42b4-846c-304a5a4a56fc,IATF 16949:2016,Industry Specific,IATF,IATF-45228,2025-06-03,2028-06-02,https://cdn.lithiumbuy.com/certs/b932edf2-71b2-4bae-b6c6-e2570926522c.pdf,true,f9e25ab7-9477-4278-820f-ed7ffc414aff,2025-07-17T05:39:44.585Z,2025-06-03T05:39:44.585Z
80b448e0-481a-475f-b91d-9a8c8e53ecf8,ebdf84c6-923d-4f92-8177-d2dfd2dd9fa6,ISO 9001:2015,Quality Management,ISO,ISO-21188,2024-09-13,2027-09-13,https://cdn.lithiumbuy.com/certs/201962d3-7617-44bf-a46c-9914d6418d83.pdf,true,e8ab28ef-4749-4594-a90e-817a7ce180c9,2025-09-19T05:39:44.585Z,2024-09-13T05:39:44.585Z
0a6bf60d-3740-4a6c-8316-072bdaa4e6e7,8d89e775-abf3-4f31-aa0f-9466b6fecfb4,ISO 14001:2015,Environmental,ISO,ISO-86295,2024-12-26,2027-12-26,https://cdn.lithiumbuy.com/certs/5517dc6c-f263-49d7-a65a-a9254530b70d.pdf,true,bacbc683-b7fc-4ac9-942a-bbd9a7178707,2025-07-14T05:39:44.585Z,2024-12-26T05:39:44.585Z
3659e790-c43e-456c-9297-7b25414a9dbb,03d7c773-07d1-4c54-87fd-e34038901632,ISO 14001:2015,Environmental,ISO,ISO-91765,2025-05-09,2028-05-08,https://cdn.lithiumbuy.com/certs/8285b2e6-ca81-43e2-b6fe-c1665898bb94.pdf,true,91b11340-39ec-4e4c-b80b-501dcde0b581,2025-10-24T05:39:44.585Z,2025-05-09T05:39:44.585Z
cd9624c2-493b-4b7d-9f83-5d050eda7cb6,02928f0e-27b3-43ea-bfe8-9fe0dd78620f,ISO 9001:2015,Quality Management,ISO,ISO-91387,2024-02-28,2027-02-27,https://cdn.lithiumbuy.com/certs/24531ca7-57a8-4969-9c30-7e5ed0777a14.pdf,true,c7373252-5549-49d6-a311-61c4fb2f1bfc,2025-10-27T05:39:44.585Z,2024-02-28T05:39:44.585Z
12031b95-1e4d-4499-af7b-110804d3e88d,c43156d6-c9e0-40c1-98e7-8e1fa8d3aaa5,ISO 9001:2015,Quality Management,ISO,ISO-83862,2024-12-03,2027-12-03,https://cdn.lithiumbuy.com/certs/51f2befc-8a1d-4e8e-9cff-5f145bd3314c.pdf,true,3f74aeb4-31c3-45e0-902c-76743f30e932,2025-08-18T05:39:44.585Z,2024-12-03T05:39:44.585Z
5f7daf7e-e790-4c6a-bd42-3faa5b36270c,0a271ac4-898b-4e9e-b0a8-7dab203ae956,ISO 9001:2015,Quality Management,ISO,ISO-48998,2023-12-03,2026-12-02,https://cdn.lithiumbuy.com/certs/f3182ee8-5465-4f91-9dcd-2b7176bf7f4b.pdf,true,50f3451d-cc5b-4c88-ba35-0acf61e7f912,2025-07-29T05:39:44.585Z,2023-12-03T05:39:44.585Z
a035f073-1531-4d70-9176-8f2c1cdc0ee1,b545402d-b565-41e7-90b2-a32cc86317c3,ISO 9001:2015,Quality Management,ISO,ISO-24197,2023-01-21,2026-01-20,https://cdn.lithiumbuy.com/certs/278e0990-3abe-4c32-94ab-4a6d2c60b5f9.pdf,true,fc77dfc4-ed8f-42ed-bd08-ff2be4fa30ab,2025-09-26T05:39:44.585Z,2023-01-21T05:39:44.585Z
60b6e6dc-f1e6-462a-8689-5b703c49c4de,4ab2dd23-7743-42ea-91be-b20cd0b3d3c5,ISO 14001:2015,Environmental,ISO,ISO-62791,2024-01-17,2027-01-16,https://cdn.lithiumbuy.com/certs/b43e7d12-227d-4fcb-9eea-d0753a6d150a.pdf,true,6e5bdf02-c9c1-4fc7-a075-d3b1fe958b00,2025-11-30T05:39:44.585Z,2024-01-17T05:39:44.585Z
fd18cf1b-365d-45f4-9da8-ca1f80d4d0ac,b69730b6-17d6-4542-aa43-08d7f788dacc,IATF 16949:2016,Industry Specific,IATF,IATF-42444,2023-09-30,2026-09-29,https://cdn.lithiumbuy.com/certs/522858ec-3c4f-49a2-8964-79d2c7c1d2b2.pdf,true,12e2c2d6-c76e-4b17-b9b7-830d0a37e02e,2025-11-24T05:39:44.585Z,2023-09-30T05:39:44.585Z
fa5f851a-99ae-4dfc-8050-2d1359b173e6,9e435b1b-3b26-4f4b-9b97-17ba2e5c1452,ISO 9001:2015,Quality Management,ISO,ISO-47281,2023-09-16,2026-09-15,https://cdn.lithiumbuy.com/certs/dc058427-be05-4c0d-b744-32351bfbc360.pdf,true,505c2ad9-9194-4e38-b71d-ae345f308d53,2025-08-18T05:39:44.585Z,2023-09-16T05:39:44.585Z
df4950fb-6cd8-41a3-bd97-998d141b82a2,732065c3-9210-49c5-9c01-d28eb1e753cd,ISO 14001:2015,Environmental,ISO,ISO-80468,2024-09-29,2027-09-29,https://cdn.lithiumbuy.com/certs/4efb156d-64b1-46a5-8d18-4d204d6cb547.pdf,true,991f29da-765d-4e47-9d44-a62633238aa1,2025-11-12T05:39:44.585Z,2024-09-29T05:39:44.585Z
8e9f0a20-bf94-4179-8778-5dc794f97f08,5d5649db-7391-4669-88d9-6673def550de,ISO 9001:2015,Quality Management,ISO,ISO-68639,2024-05-31,2027-05-31,https://cdn.lithiumbuy.com/certs/bca857e8-4bf2-4c2b-8b76-6bc84282fa86.pdf,true,d3cf153d-4b05-451b-b0f0-5cc8691e9b4c,2025-10-13T05:39:44.585Z,2024-05-31T05:39:44.585Z
9f87f4a5-d944-4574-9bcf-56b9d53af7e8,37fbb935-02c2-4908-8a0d-1767ce72736c,ISO 9001:2015,Quality Management,ISO,ISO-72845,2023-07-10,2026-07-09,https://cdn.lithiumbuy.com/certs/7a6e8590-5cfe-4268-9f24-dce47b01daff.pdf,true,31f7a087-6cce-4566-a198-13b79f532174,2025-07-10T05:39:44.585Z,2023-07-10T05:39:44.585Z
e8ec112f-bdb9-4599-b0d1-5cc08266298a,9229b841-28bc-4c21-ae95-b1580c26e5c4,ISO 9001:2015,Quality Management,ISO,ISO-80395,2024-11-30,2027-11-30,https://cdn.lithiumbuy.com/certs/111f8536-20eb-473f-b5af-e197987e11a7.pdf,true,403fc926-9737-4f37-a6b7-f0f3367f3794,2025-09-09T05:39:44.585Z,2024-11-30T05:39:44.585Z
4f882ce8-ff83-48d0-b2b2-39543081745f,b87e3c7f-77f5-4d12-9887-f5834232864a,ISO 9001:2015,Quality Management,ISO,ISO-56284,2024-09-01,2027-09-01,https://cdn.lithiumbuy.com/certs/abd04e3f-62f6-4364-8a06-41498a7740f6.pdf,true,c9a5e9b8-8308-4f2e-bd7d-fdac84338a01,2025-09-05T05:39:44.585Z,2024-09-01T05:39:44.585Z
bbcb1b1f-d0b9-4cab-a8c8-2a3e18fb0e90,a20dbd32-a765-4c3b-bc92-003c072148dc,ISO 45001:2018,Safety,ISO,ISO-41442,2024-10-06,2027-10-06,https://cdn.lithiumbuy.com/certs/a1bf513d-3d66-4ae3-b723-2f57673520a4.pdf,true,d6ea2a5a-13f8-4476-a195-65a88ec5197c,2025-08-21T05:39:44.585Z,2024-10-06T05:39:44.585Z
a425be89-8c68-45f9-8585-07f39d74b346,b773ff39-d507-4e20-9088-7d1b90ef4c59,IATF 16949:2016,Industry Specific,IATF,IATF-60307,2024-01-18,2027-01-17,https://cdn.lithiumbuy.com/certs/d7ee8f24-41fb-4f84-bb74-2bea10fd3158.pdf,true,625b1662-bc51-48a9-9070-9ebe31aad069,2025-08-04T05:39:44.585Z,2024-01-18T05:39:44.585Z
31b159f9-e316-42c8-99c4-bd32bf87415b,265c448a-aec6-45d7-8da5-7ae53396b777,ISO 45001:2018,Safety,ISO,ISO-31551,2025-04-29,2028-04-28,https://cdn.lithiumbuy.com/certs/4b03c6ae-9ce1-4b24-bc48-93acae3822ac.pdf,true,1cfd1173-4b9c-4c80-9193-3b8aae1efc0d,2025-07-22T05:39:44.585Z,2025-04-29T05:39:44.585Z
682b7e7b-4cb9-4bdb-885e-7734c1f10d54,2f754c55-e158-45fa-be6b-851496b9ea40,ISO 45001:2018,Safety,ISO,ISO-67672,2023-03-06,2026-03-05,https://cdn.lithiumbuy.com/certs/37cd51ba-94f3-4864-bebb-8675f2ff6b41.pdf,true,b1ad2448-5d2a-4094-9296-956419446c0a,2025-11-24T05:39:44.585Z,2023-03-06T05:39:44.585Z
c02e029e-62db-4b94-b358-998ce642ca5a,58b993bc-0e84-4dad-885f-5ff25ab85520,IATF 16949:2016,Industry Specific,IATF,IATF-98442,2025-05-20,2028-05-19,https://cdn.lithiumbuy.com/certs/6d57cbee-ec42-4dc9-8e20-774246adb5f3.pdf,true,cd81f749-8efb-4f80-a7ea-c3c1b14f8e61,2025-11-03T05:39:44.585Z,2025-05-20T05:39:44.585Z
17398f7a-519f-42de-b3c3-6b19712ed033,a303100d-a5a2-46ee-8c2a-db05153285be,IATF 16949:2016,Industry Specific,IATF,IATF-42414,2023-07-22,2026-07-21,https://cdn.lithiumbuy.com/certs/ef88ca89-e59e-438c-b1fc-0e672a069226.pdf,true,b866685a-c61e-4be2-acfc-c73f19663335,2025-09-24T05:39:44.585Z,2023-07-22T05:39:44.585Z
3159bb52-d6cb-4d4b-b902-95b05bca98e1,2ab13aab-6094-4c0d-9d45-af607b1c664e,IATF 16949:2016,Industry Specific,IATF,IATF-10768,2024-03-27,2027-03-27,https://cdn.lithiumbuy.com/certs/7153f109-dc1b-48d4-9342-e690db50c349.pdf,true,699dbde9-c186-4f6c-a002-025ff84dee0e,2025-07-12T05:39:44.585Z,2024-03-27T05:39:44.585Z
b2cec91f-91fa-4e0c-9df1-586920c4eb81,277bf9bb-fafe-41f0-903a-c7debfdda64b,ISO 14001:2015,Environmental,ISO,ISO-64947,2025-04-10,2028-04-09,https://cdn.lithiumbuy.com/certs/6a9fc909-e9cd-4b39-a1ca-bd1839ae0058.pdf,true,49c70b52-36fb-4524-b8c7-8cd42ec2162d,2025-11-19T05:39:44.585Z,2025-04-10T05:39:44.585Z
afd03076-776e-422d-8445-50fd122bad8b,a94b6af0-5cf0-494d-81e7-3dec16498b23,ISO 14001:2015,Environmental,ISO,ISO-21901,2024-02-16,2027-02-15,https://cdn.lithiumbuy.com/certs/6dbd1032-da7d-4cb1-8485-81a755614646.pdf,true,8a949f57-50e4-48f2-8c73-1ef7c2f65578,2025-08-04T05:39:44.585Z,2024-02-16T05:39:44.585Z
a93156cf-2796-409a-81b8-cee8839d98e8,b3a55e8a-812c-4397-93ff-05259f0f42c8,ISO 9001:2015,Quality Management,ISO,ISO-81483,2025-04-02,2028-04-01,https://cdn.lithiumbuy.com/certs/1daea6be-60a3-4e61-a0ef-19df7a21233b.pdf,true,8901d029-b820-457f-8b0b-92c66807f2af,2025-08-13T05:39:44.585Z,2025-04-02T05:39:44.585Z
c187a0b7-8446-4b0c-b2e5-1f1daa1d3e80,6a83ca53-c0a9-42ef-85a8-c6007f6d97b5,ISO 14001:2015,Environmental,ISO,ISO-13850,2023-04-18,2026-04-17,https://cdn.lithiumbuy.com/certs/10579737-809d-49cd-bb9e-bc867159095b.pdf,true,63c2ef40-83c6-4a72-84bd-98af809388fe,2025-09-15T05:39:44.585Z,2023-04-18T05:39:44.585Z
b0b64ee7-1e63-4f55-a867-350c83b36c2b,e9169f30-30a8-40fb-9a7b-89eb2e2c7e2b,ISO 45001:2018,Safety,ISO,ISO-87919,2023-09-17,2026-09-16,https://cdn.lithiumbuy.com/certs/5da09041-d961-4ddf-97a4-e523801efaca.pdf,true,3a39bbc3-9eba-4ea9-9427-30956c591862,2025-08-03T05:39:44.585Z,2023-09-17T05:39:44.585Z
aa03668c-dd21-4a0b-935c-42a26a19c1c5,170c951d-32a9-4902-8594-379c4591e480,ISO 14001:2015,Environmental,ISO,ISO-84177,2025-01-13,2028-01-13,https://cdn.lithiumbuy.com/certs/f476d853-e862-4187-9c4d-a46ac9432b57.pdf,true,93055c81-4eea-41ef-b552-7c273702c89e,2025-11-10T05:39:44.585Z,2025-01-13T05:39:44.585Z
93d1911a-6fe0-4ac1-8e8f-0eb3b1262553,5663ce32-a0ed-4c94-ac7f-ac4a0f9b179c,ISO 14001:2015,Environmental,ISO,ISO-85878,2023-12-27,2026-12-26,https://cdn.lithiumbuy.com/certs/77af2ae4-3d77-49cd-b487-a317c7d3d465.pdf,true,d173bb2c-fbec-49fc-9969-f633ca5c2e83,2025-10-11T05:39:44.585Z,2023-12-27T05:39:44.585Z
96edd792-fe5f-4085-8384-d3da3c1c8071,4b7b5184-e4a5-40a9-8953-c01a40ae7bb1,ISO 9001:2015,Quality Management,ISO,ISO-76595,2023-01-25,2026-01-24,https://cdn.lithiumbuy.com/certs/2d41e8a6-9da3-4924-9f2e-fc8325f859b9.pdf,true,458d26af-85a0-4d48-b5da-5745088a26c5,2025-09-14T05:39:44.585Z,2023-01-25T05:39:44.585Z
af9f0ce6-a14a-4f53-9e20-51a3a09e7759,c6fd996f-9111-44dd-8a5c-447d9ec855ce,ISO 45001:2018,Safety,ISO,ISO-95825,2023-11-06,2026-11-05,https://cdn.lithiumbuy.com/certs/a591e8f3-74f3-4fe1-bef0-4ae3374cf233.pdf,true,bb2fa7e3-1dd4-4159-984b-85c940c51c98,2025-09-04T05:39:44.585Z,2023-11-06T05:39:44.585Z
f12b90c1-f5e6-49a3-b613-c2dd0e2808ce,a8c6fa9f-f909-4d6b-bd41-e31472c2c9fb,ISO 9001:2015,Quality Management,ISO,ISO-93829,2023-03-06,2026-03-05,https://cdn.lithiumbuy.com/certs/449f1dcc-78f2-4031-a235-2f0531c3e0f0.pdf,true,66cbc8d9-c5d7-46f3-86ad-83b7c9a05615,2025-09-05T05:39:44.585Z,2023-03-06T05:39:44.585Z
8518fa1f-cde9-48b4-b371-5f36c3347801,58b993bc-0e84-4dad-885f-5ff25ab85520,ISO 9001:2015,Quality Management,ISO,ISO-41338,2023-10-04,2026-10-03,https://cdn.lithiumbuy.com/certs/16eec712-8833-401d-b0a0-15242b0ce790.pdf,true,7a3af2d7-b144-4e07-b10b-4a84edaca0db,2025-11-15T05:39:44.585Z,2023-10-04T05:39:44.585Z
23cae5e2-73f2-4f87-ac6c-d74957608dfd,b7b17528-c4fd-4a36-a27a-eb178e66ee70,IATF 16949:2016,Industry Specific,IATF,IATF-48860,2024-11-08,2027-11-08,https://cdn.lithiumbuy.com/certs/28aaafdb-066a-4bd3-8a43-5cb45c5e81c7.pdf,true,56207b87-9d39-495b-b735-1f1b46da20ef,2025-11-29T05:39:44.585Z,2024-11-08T05:39:44.585Z
6d5153d2-81e1-48e0-be5f-2a413516732a,bfd89266-65d2-4a19-a83d-6510f05854ea,IATF 16949:2016,Industry Specific,IATF,IATF-81371,2023-07-02,2026-07-01,https://cdn.lithiumbuy.com/certs/4d199d1f-adc2-4f12-bab5-c77bfb28025c.pdf,true,7d3e68e4-d62e-49f7-8e7e-9ec769afb715,2025-11-01T05:39:44.585Z,2023-07-02T05:39:44.585Z
d7c481a9-8ae0-49be-8b0f-d9f8e333339c,27fd484d-a62a-4a6b-9724-a3a1ef7169ca,ISO 14001:2015,Environmental,ISO,ISO-10591,2023-05-24,2026-05-23,https://cdn.lithiumbuy.com/certs/91166585-6a8f-417f-b1e1-ce99b46b0702.pdf,true,f79c0e35-e401-4366-a872-f8a4d073d66c,2025-08-06T05:39:44.585Z,2023-05-24T05:39:44.585Z
1d59a5d2-645c-49dd-a47d-c313bf7ecba2,c6fd996f-9111-44dd-8a5c-447d9ec855ce,IATF 16949:2016,Industry Specific,IATF,IATF-62779,2025-05-09,2028-05-08,https://cdn.lithiumbuy.com/certs/8e5ac7f1-a39f-40d0-81f6-3fcf480f7b58.pdf,true,939061df-1415-4650-bc38-bc3b1408e596,2025-10-08T05:39:44.585Z,2025-05-09T05:39:44.585Z
1c20f47a-cff9-4548-936b-ed94964159e2,0e47e6d4-bb17-4ac5-a2fa-2e1f2f96443e,IATF 16949:2016,Industry Specific,IATF,IATF-40642,2024-03-10,2027-03-10,https://cdn.lithiumbuy.com/certs/9397b6df-ce22-4e10-a161-cb585f0ccdd7.pdf,true,b8f19853-991e-477f-a467-66df07a16c73,2025-10-08T05:39:44.585Z,2024-03-10T05:39:44.585Z
af88a247-8ed7-492b-84ef-a5d18b3a46f5,732065c3-9210-49c5-9c01-d28eb1e753cd,ISO 14001:2015,Environmental,ISO,ISO-31974,2023-02-07,2026-02-06,https://cdn.lithiumbuy.com/certs/ec71ed51-f686-4215-b5bb-42b24e88fc06.pdf,true,622dbc2b-b735-4d01-9639-558c1287b588,2025-11-08T05:39:44.585Z,2023-02-07T05:39:44.585Z
be125915-b4f1-4e57-a775-4472891394e5,67517fe0-7dcb-4ec1-9d30-cd456cb8c0af,ISO 45001:2018,Safety,ISO,ISO-93958,2023-12-29,2026-12-28,https://cdn.lithiumbuy.com/certs/9db4581b-5772-4b19-a346-5e8c0ac555f0.pdf,true,7cdf27d4-19bc-45c5-b0d2-70e6070a71aa,2025-09-19T05:39:44.585Z,2023-12-29T05:39:44.585Z
fafa36a7-1016-40e3-8061-81b1dad07dd5,b69730b6-17d6-4542-aa43-08d7f788dacc,IATF 16949:2016,Industry Specific,IATF,IATF-74247,2024-07-03,2027-07-03,https://cdn.lithiumbuy.com/certs/790f39ea-ac54-4ac4-9825-78bac215f4e7.pdf,true,9d4453b5-53a9-47ca-ae0d-235ab29e742a,2025-11-30T05:39:44.585Z,2024-07-03T05:39:44.585Z
8f18e1f4-9b2e-4151-bd99-c1596276319b,3969643f-066c-4899-9665-45657442ebf6,ISO 45001:2018,Safety,ISO,ISO-43218,2024-03-30,2027-03-30,https://cdn.lithiumbuy.com/certs/99333ca5-413f-4e76-b6b3-26086000a5bf.pdf,true,690fd1df-e6f0-4d92-ad7a-ae3678664874,2025-11-25T05:39:44.585Z,2024-03-30T05:39:44.585Z
d4c5ce20-3ad8-44ff-a27b-c23db9cb1571,c0124f38-aa90-4f77-a4d2-4ffebd19ff19,ISO 14001:2015,Environmental,ISO,ISO-51353,2023-04-07,2026-04-06,https://cdn.lithiumbuy.com/certs/0b299193-e157-4d4c-8de2-71298885b91e.pdf,true,77d58b3c-c135-42e9-aa4a-c9c09f184713,2025-08-22T05:39:44.585Z,2023-04-07T05:39:44.585Z
ce3750e9-ebb4-4543-af5a-26e99dc6ec97,899e3891-f93f-4d0d-8a05-4f23adaeac21,ISO 45001:2018,Safety,ISO,ISO-39133,2024-03-26,2027-03-26,https://cdn.lithiumbuy.com/certs/5f26905a-e3e1-42c1-a377-83567e875df4.pdf,true,d3a9f467-11d7-4f10-bdb9-ca527043ea1b,2025-08-31T05:39:44.585Z,2024-03-26T05:39:44.585Z
e34baed8-b3cf-4d20-84cd-dcc9465d5763,d108e80f-d16f-4dbc-b16f-1587d9c2e46e,IATF 16949:2016,Industry Specific,IATF,IATF-37882,2023-05-27,2026-05-26,https://cdn.lithiumbuy.com/certs/e8e5e6eb-c2b3-46d4-970a-3f177685d48a.pdf,true,83488ebb-6a32-4aa6-bf88-38c4dd7f13be,2025-09-26T05:39:44.585Z,2023-05-27T05:39:44.585Z
3cabd1b5-2bcb-4c76-a0b1-b23654c362ec,9df72f32-5c7d-4901-98e1-1b6eb377f49c,ISO 9001:2015,Quality Management,ISO,ISO-98981,2024-02-18,2027-02-17,https://cdn.lithiumbuy.com/certs/7a086cff-d50d-4290-a7bf-ef1da51dd320.pdf,true,2a888a5a-9edb-4c5c-b98f-3e3c043ba3fe,2025-09-16T05:39:44.585Z,2024-02-18T05:39:44.585Z
c4df16a3-78dd-42dc-8622-1b0ab1df54ea,6786451c-c5f5-4316-9fa5-7427bb245cfa,ISO 9001:2015,Quality Management,ISO,ISO-84857,2023-09-26,2026-09-25,https://cdn.lithiumbuy.com/certs/9837c4dd-3491-424b-8e8e-630ba545c8c1.pdf,true,118b1f10-8fdb-4347-809c-6626403b3646,2025-10-27T05:39:44.585Z,2023-09-26T05:39:44.585Z
529b7a48-6465-407f-807a-5a519fa30e36,f16cc7d8-2a7e-4a46-af12-1f1b632bb344,ISO 14001:2015,Environmental,ISO,ISO-44518,2023-02-24,2026-02-23,https://cdn.lithiumbuy.com/certs/b1b5c15b-b887-4458-bddb-e76a970f9edd.pdf,true,b856a8a8-a164-4a62-a7fa-cea45b96186b,2025-09-09T05:39:44.585Z,2023-02-24T05:39:44.585Z
8eab0a6a-e58e-4840-b95c-d0876b3133e0,ea2c37c7-46e8-47c7-8577-70d863154c38,ISO 45001:2018,Safety,ISO,ISO-96223,2024-12-06,2027-12-06,https://cdn.lithiumbuy.com/certs/68642488-d042-41b6-ac28-7b41b4e634da.pdf,true,42df3774-44f8-460f-adf6-2d842a9c2c5e,2025-10-21T05:39:44.585Z,2024-12-06T05:39:44.585Z
fd4b5010-3966-4d6e-8f71-f17c8d7bd60e,84eff56b-69e2-4013-a4c7-e08471bda854,ISO 9001:2015,Quality Management,ISO,ISO-95262,2024-06-08,2027-06-08,https://cdn.lithiumbuy.com/certs/5bcd709b-96ec-488b-97bb-0d014f7304fc.pdf,true,53bc83d4-1666-4e0f-9aa5-44e4e823367b,2025-07-10T05:39:44.585Z,2024-06-08T05:39:44.585Z
6b2911f6-9ff1-4605-9154-a39b296be96a,9359313b-6554-4d82-896a-f8df6fcd0ef6,ISO 45001:2018,Safety,ISO,ISO-74141,2025-02-27,2028-02-27,https://cdn.lithiumbuy.com/certs/86e99a6d-20d2-4295-af9b-6f58cd963be0.pdf,true,a646996d-9590-45f0-aee2-e6651d9590cc,2025-07-17T05:39:44.586Z,2025-02-27T05:39:44.585Z
084dd42c-2564-4911-a70a-455039b51ccd,58b993bc-0e84-4dad-885f-5ff25ab85520,IATF 16949:2016,Industry Specific,IATF,IATF-54247,2024-12-30,2027-12-30,https://cdn.lithiumbuy.com/certs/dbfb8cb5-cfee-462a-9a92-bf28227bbbcc.pdf,true,1df99822-dabd-4786-a010-a3e72dee98dc,2025-08-19T05:39:44.586Z,2024-12-30T05:39:44.586Z
0a95d8b7-9b8d-42b4-b750-af075fdd56f1,7e6280d4-3563-4ed6-a2b0-1faeda9e2b74,ISO 9001:2015,Quality Management,ISO,ISO-39695,2023-04-18,2026-04-17,https://cdn.lithiumbuy.com/certs/f6c39e54-700d-42a7-a3a3-7145876203af.pdf,true,250bb46a-8203-4be7-b045-8af89ed3b8d8,2025-08-13T05:39:44.586Z,2023-04-18T05:39:44.586Z
64a567ce-4d65-40c7-a86b-1691c4bdb9b1,27fd484d-a62a-4a6b-9724-a3a1ef7169ca,IATF 16949:2016,Industry Specific,IATF,IATF-90911,2023-03-23,2026-03-22,https://cdn.lithiumbuy.com/certs/c2b02388-9db4-4ffc-8ed6-7dbe1d92b212.pdf,true,89cbc983-de88-47c9-8114-2f7e0cecc9a7,2025-08-01T05:39:44.586Z,2023-03-23T05:39:44.586Z
1a3f0855-c452-4788-b9fe-ae9004857d70,77a43956-c6c9-4ba6-96ea-337574954ed2,ISO 14001:2015,Environmental,ISO,ISO-56645,2023-11-29,2026-11-28,https://cdn.lithiumbuy.com/certs/6789624b-d9d8-4adb-a352-fc6847314077.pdf,true,851155a4-8428-44c0-b483-19a4150bb7f7,2025-10-08T05:39:44.586Z,2023-11-29T05:39:44.586Z
f1847d05-ef45-4705-8a0d-3812abc29937,c0124f38-aa90-4f77-a4d2-4ffebd19ff19,ISO 45001:2018,Safety,ISO,ISO-63603,2023-09-01,2026-08-31,https://cdn.lithiumbuy.com/certs/98c863c8-5f21-41b4-b7d4-93cb9dfe0440.pdf,true,90ace702-6c9a-4e10-a920-6044a5f62e36,2025-11-04T05:39:44.586Z,2023-09-01T05:39:44.586Z
d61dbcea-4e34-4cda-b8c8-c019ae85da9d,0458e690-7a4d-4c4b-a012-50fdc11f13f9,ISO 9001:2015,Quality Management,ISO,ISO-91579,2023-07-25,2026-07-24,https://cdn.lithiumbuy.com/certs/12d77788-5095-4769-8b9a-bf5a0e8038ee.pdf,true,f5b1f51b-9d70-444d-87e6-dbeb09aec222,2025-09-24T05:39:44.586Z,2023-07-25T05:39:44.586Z
16a6d9dc-5529-4ac2-8d7f-37f7e830ab7f,5c014bcc-0c8e-4aa6-913b-023d35351c70,IATF 16949:2016,Industry Specific,IATF,IATF-86785,2024-11-29,2027-11-29,https://cdn.lithiumbuy.com/certs/db6edca7-2214-435f-934e-22e3143f5e9d.pdf,true,0c342ac5-5a3e-46ee-a665-0ced00e174f9,2025-11-14T05:39:44.586Z,2024-11-29T05:39:44.586Z
cce11177-15b7-475e-9faf-c0f8659d1eab,5663ce32-a0ed-4c94-ac7f-ac4a0f9b179c,IATF 16949:2016,Industry Specific,IATF,IATF-71369,2023-01-04,2026-01-03,https://cdn.lithiumbuy.com/certs/23ebb28f-bf07-49c1-b047-5be97af64825.pdf,true,d37c01a1-090e-4357-afe0-39db71498ede,2025-11-27T05:39:44.586Z,2023-01-04T05:39:44.586Z
7ddc8dfd-c06e-4cf3-a901-d5592060e978,92e40224-054a-4586-9281-4b7fc2df2278,ISO 14001:2015,Environmental,ISO,ISO-19834,2024-05-30,2027-05-30,https://cdn.lithiumbuy.com/certs/5d8eebfb-b4ac-4d47-ac3d-e1a8aac2965f.pdf,true,9a8a525b-3783-45ed-ab0b-d2c3e29b9554,2025-10-15T05:39:44.586Z,2024-05-30T05:39:44.586Z
b9f69f2d-f23a-4b3e-8600-4d37f6299289,0458e690-7a4d-4c4b-a012-50fdc11f13f9,ISO 45001:2018,Safety,ISO,ISO-47602,2023-12-31,2026-12-30,https://cdn.lithiumbuy.com/certs/b209284f-26af-4d45-b058-1f8a29e26e60.pdf,true,3e7330c8-9266-431e-b2e2-48e5731b4790,2025-09-12T05:39:44.586Z,2023-12-31T05:39:44.586Z
0a04c2e7-a454-4238-b996-f91a49caa0b4,069ad08e-21cf-45e4-bbc0-427b90c8ae9f,IATF 16949:2016,Industry Specific,IATF,IATF-28710,2023-07-09,2026-07-08,https://cdn.lithiumbuy.com/certs/5e2c9541-f931-40d7-96d5-2eccc70f75be.pdf,true,3001b28a-3c35-4c15-9bc0-a004055d9240,2025-11-20T05:39:44.586Z,2023-07-09T05:39:44.586Z
26846901-b984-42ef-bcee-38dfa7204c7f,90be6962-3f84-4ae1-b418-fc65256c02d0,IATF 16949:2016,Industry Specific,IATF,IATF-84015,2024-09-19,2027-09-19,https://cdn.lithiumbuy.com/certs/91a4c3f5-85c9-4261-9eb9-6f56c3c86e62.pdf,true,69823f0f-dc75-4497-9909-720a311dbe7e,2025-11-12T05:39:44.586Z,2024-09-19T05:39:44.586Z
7a2de26c-c6fd-449b-a1ef-c09d1aaee422,4de41147-0ced-42bb-9c8d-ca43be6d2b05,ISO 14001:2015,Environmental,ISO,ISO-15091,2023-09-23,2026-09-22,https://cdn.lithiumbuy.com/certs/d3a40160-b0dd-4a31-ba32-fbbfc9e4dcb5.pdf,true,f35a2202-3d4e-4234-9245-1f0bb9d8b78d,2025-07-22T05:39:44.586Z,2023-09-23T05:39:44.586Z
0dfb5d0a-ba7b-4c21-96f9-2c1c5178969c,b2f50972-7222-46ff-beb2-4abf815821fe,ISO 14001:2015,Environmental,ISO,ISO-14770,2024-06-29,2027-06-29,https://cdn.lithiumbuy.com/certs/feca1908-4ea6-49a5-bf24-fb5e0565c043.pdf,true,1f14227f-4714-4fd1-aefd-77f3e40f1037,2025-08-30T05:39:44.586Z,2024-06-29T05:39:44.586Z
ad525c5e-cc37-408c-a9d0-bb6bc3116928,64cfa10e-af34-48dc-939d-b90b8a33e996,IATF 16949:2016,Industry Specific,IATF,IATF-57785,2024-07-21,2027-07-21,https://cdn.lithiumbuy.com/certs/7b5cc354-6d22-47b7-aa33-fb8bc345eb2f.pdf,true,d5b468bb-0cbb-41d0-ac02-ee0518b58f3f,2025-11-16T05:39:44.586Z,2024-07-21T05:39:44.586Z
6eb8b474-46c1-4851-a00a-783fe1248ffa,7d9de43b-e552-4a17-b164-3bc041b4bdc9,IATF 16949:2016,Industry Specific,IATF,IATF-19348,2025-06-22,2028-06-21,https://cdn.lithiumbuy.com/certs/eb7e66df-cdab-46d2-8b28-f86ff96fa908.pdf,true,123b27f2-1623-484f-958b-b2cbb6fef8f5,2025-08-18T05:39:44.586Z,2025-06-22T05:39:44.586Z
19964d0c-2499-4829-a6f9-c1271e436b30,77a43956-c6c9-4ba6-96ea-337574954ed2,ISO 14001:2015,Environmental,ISO,ISO-42833,2023-01-08,2026-01-07,https://cdn.lithiumbuy.com/certs/7f57a18c-916d-4c4a-9ea5-b5eeabe79651.pdf,true,c8744297-e7a9-4b0f-8d9c-e6cc2a7b2c9f,2025-10-19T05:39:44.586Z,2023-01-08T05:39:44.586Z
1e17fddf-c2cf-4db8-aaed-0b0470725925,0e2b95c5-5b01-4d6e-b925-d07fdbe8ac6b,ISO 9001:2015,Quality Management,ISO,ISO-38448,2024-02-27,2027-02-26,https://cdn.lithiumbuy.com/certs/74ab11d2-56ed-4418-a253-0b99150180a5.pdf,true,27fd96f2-d679-474b-ab55-245fbc009168,2025-08-06T05:39:44.586Z,2024-02-27T05:39:44.586Z
b98d60e1-2581-4378-a9ad-17786e489d8c,4b7b5184-e4a5-40a9-8953-c01a40ae7bb1,IATF 16949:2016,Industry Specific,IATF,IATF-57272,2023-05-10,2026-05-09,https://cdn.lithiumbuy.com/certs/415a0d09-f43f-49e1-83c2-7cf67826c984.pdf,true,a86c1ca6-3a3d-41fd-8c54-c1538f067be6,2025-11-23T05:39:44.586Z,2023-05-10T05:39:44.586Z
33a4314e-d421-47c0-905a-18682f1ea47f,b81d6b03-e5b8-4775-ae41-f217e25d8d23,ISO 14001:2015,Environmental,ISO,ISO-23051,2024-07-02,2027-07-02,https://cdn.lithiumbuy.com/certs/a06676f9-c3d7-4627-ab7b-bdfc70d60cac.pdf,true,68212580-58ff-4e73-8e2e-384ce16a1d6e,2025-09-19T05:39:44.586Z,2024-07-02T05:39:44.586Z
76e15c12-fda8-46a8-919e-8221586bef73,170c951d-32a9-4902-8594-379c4591e480,ISO 45001:2018,Safety,ISO,ISO-35467,2023-08-29,2026-08-28,https://cdn.lithiumbuy.com/certs/f0316720-721b-4670-916c-72cdc79a334d.pdf,true,fb3ea17b-342c-4506-a73d-792b4dce7cd9,2025-09-28T05:39:44.586Z,2023-08-29T05:39:44.586Z
9117e5ed-cfde-43ac-96de-343c9f78ef7f,07d0779a-7ff7-4ee0-b847-3d7249aff3bf,ISO 14001:2015,Environmental,ISO,ISO-21892,2023-09-11,2026-09-10,https://cdn.lithiumbuy.com/certs/e18a558f-e6a8-4b4e-9b51-90453bf17020.pdf,true,e5c50051-0dc5-4e57-a16b-3cb875adc901,2025-08-07T05:39:44.586Z,2023-09-11T05:39:44.586Z
dc41751b-25f1-42b7-96aa-706039a12716,580ac6db-d376-43b6-94ac-0b76aeaec003,ISO 14001:2015,Environmental,ISO,ISO-17636,2023-12-06,2026-12-05,https://cdn.lithiumbuy.com/certs/ae715a8f-278f-435a-afac-e617d35e5e6b.pdf,true,0a5612fb-8fdd-40a6-b326-372c87bbf510,2025-10-29T05:39:44.586Z,2023-12-06T05:39:44.586Z
b88dab39-05ec-4110-be8b-ad367ca6c212,170c951d-32a9-4902-8594-379c4591e480,ISO 14001:2015,Environmental,ISO,ISO-17800,2024-07-08,2027-07-08,https://cdn.lithiumbuy.com/certs/d29b7a33-60ed-44df-acc4-f6ec2ccb999b.pdf,true,847c1774-b27f-4d09-95e1-60e9d351bcdc,2025-08-09T05:39:44.586Z,2024-07-08T05:39:44.586Z
47cb5c3b-ad92-4bb2-994d-46705f1dad3c,86840899-7fd7-43ef-bb0b-d9662d595c82,ISO 45001:2018,Safety,ISO,ISO-27995,2024-08-15,2027-08-15,https://cdn.lithiumbuy.com/certs/dde08a7f-5efb-4f26-bfda-2bdbe1c30676.pdf,true,41c6cc74-9651-4a2a-ad82-eb5a2c428fbe,2025-07-10T05:39:44.586Z,2024-08-15T05:39:44.586Z
0ae190fa-8820-49e4-ba2c-c20907d62fd8,8e503c29-9cdb-4f53-ae51-aee678085660,ISO 14001:2015,Environmental,ISO,ISO-27366,2025-03-28,2028-03-27,https://cdn.lithiumbuy.com/certs/e2e0342d-9230-455a-ae01-2644022c18c2.pdf,true,b34a836b-da7c-4cbb-a95c-f8036b594639,2025-12-02T05:39:44.586Z,2025-03-28T05:39:44.586Z
46bd6e9c-b1c8-494b-b0ba-dd25e5e12890,0208e2ff-4c35-4e75-8fc2-e9999728b4e3,IATF 16949:2016,Industry Specific,IATF,IATF-20114,2023-04-04,2026-04-03,https://cdn.lithiumbuy.com/certs/c279d5f8-5cb8-400a-9109-86783e3b5fa8.pdf,true,6d5a2378-f68c-483f-b1c1-705e403e6dba,2025-12-02T05:39:44.586Z,2023-04-04T05:39:44.586Z
474b4791-0821-4ed3-adf7-9a720f24fa7a,e25887d0-5884-4785-a22c-af72e2626bd4,IATF 16949:2016,Industry Specific,IATF,IATF-73815,2023-03-22,2026-03-21,https://cdn.lithiumbuy.com/certs/0b9a57fc-6717-4e5a-998a-a680291e30ce.pdf,true,221ccb12-05be-4a1c-8008-9b0a6faa39e7,2025-11-14T05:39:44.586Z,2023-03-22T05:39:44.586Z
f9d6234d-fbdb-402e-96b6-cfd64657de65,cf9be32a-f138-41c4-b44b-755d39c6f0d3,ISO 45001:2018,Safety,ISO,ISO-89555,2025-03-15,2028-03-14,https://cdn.lithiumbuy.com/certs/71ac6716-3f0d-4ab6-be0d-12b92ffecd9f.pdf,true,5cbee22d-5222-4171-b9d2-d2cbffe8dbba,2025-07-06T05:39:44.586Z,2025-03-15T05:39:44.586Z
87a83572-fd56-45ee-9544-e4df494bbf92,64cfa10e-af34-48dc-939d-b90b8a33e996,ISO 45001:2018,Safety,ISO,ISO-52480,2023-10-20,2026-10-19,https://cdn.lithiumbuy.com/certs/79a68625-4e71-49ea-be27-406c649993c0.pdf,true,831db645-53bc-4d8c-9cdd-de6d1a0f3231,2025-09-17T05:39:44.586Z,2023-10-20T05:39:44.586Z
2b391426-209c-4142-b653-e779e8ee7d21,732065c3-9210-49c5-9c01-d28eb1e753cd,ISO 9001:2015,Quality Management,ISO,ISO-17594,2024-07-28,2027-07-28,https://cdn.lithiumbuy.com/certs/017d9e16-ec19-4955-9fae-f0b9d891685d.pdf,true,f6d6fa68-01aa-4ff7-8ea5-10b14bc5c1ca,2025-10-10T05:39:44.586Z,2024-07-28T05:39:44.586Z
43893303-ce36-425c-8868-7f90f9fa9e07,ede7df30-7bd2-4b90-8cff-36f93936be94,ISO 9001:2015,Quality Management,ISO,ISO-20838,2024-04-04,2027-04-04,https://cdn.lithiumbuy.com/certs/4b9fabb6-5294-4933-88d8-6b8b29181c6e.pdf,true,3fb145c1-4594-4cb4-9e80-20f5020df81c,2025-08-16T05:39:44.586Z,2024-04-04T05:39:44.586Z
53c02a76-2574-49df-927a-4e0b4168ed89,58b993bc-0e84-4dad-885f-5ff25ab85520,ISO 14001:2015,Environmental,ISO,ISO-14948,2023-07-03,2026-07-02,https://cdn.lithiumbuy.com/certs/c83e0575-45e3-4d41-991a-5eccb79e8a9d.pdf,true,ba8287e3-68f2-4e01-8e92-b2b3d64224b3,2025-11-23T05:39:44.586Z,2023-07-03T05:39:44.586Z
c4632cc3-f0a5-4db2-97e7-40b8396028a3,9639e31d-91c0-43bd-a926-d55c4211676e,ISO 9001:2015,Quality Management,ISO,ISO-37691,2024-07-14,2027-07-14,https://cdn.lithiumbuy.com/certs/39e68e6b-ee4d-4d11-97b4-de46efd67b3d.pdf,true,8cc29cac-ca4d-4c4e-b8b5-50550bba42ca,2025-10-16T05:39:44.586Z,2024-07-14T05:39:44.586Z
61af0136-cc02-4757-b12c-eab6e7703a06,85f19c5f-c906-4131-a2e1-c7ee824853e5,ISO 45001:2018,Safety,ISO,ISO-54222,2023-09-27,2026-09-26,https://cdn.lithiumbuy.com/certs/5a1928bf-88e0-4a91-a5a8-2edb8301c70c.pdf,true,0802f872-ba27-408c-8813-3c68b3f32676,2025-08-10T05:39:44.586Z,2023-09-27T05:39:44.586Z
c6de47eb-e136-4f95-a0d2-dcd2970e4fff,ee2e59c2-0031-48e5-8e02-06bcc4fc83f7,IATF 16949:2016,Industry Specific,IATF,IATF-79634,2024-01-05,2027-01-04,https://cdn.lithiumbuy.com/certs/cf8edfd1-cab0-4c83-abf9-36b18d5003e8.pdf,true,3d6f0842-18d8-44fc-852f-e9a06ba95686,2025-07-20T05:39:44.586Z,2024-01-05T05:39:44.586Z
9625f399-200e-4dc9-9e29-9838ecf46260,9359313b-6554-4d82-896a-f8df6fcd0ef6,ISO 45001:2018,Safety,ISO,ISO-62834,2025-03-11,2028-03-10,https://cdn.lithiumbuy.com/certs/b2411481-9151-46b1-b7fc-db21cb6b610c.pdf,true,1bb7cb7f-f74f-4b22-9294-e28761bcd392,2025-10-17T05:39:44.586Z,2025-03-11T05:39:44.586Z
d866cc20-1b04-41b8-8129-519a569a4ddd,7046e05c-72f2-4a98-8623-30516724d0bc,ISO 14001:2015,Environmental,ISO,ISO-28092,2025-05-19,2028-05-18,https://cdn.lithiumbuy.com/certs/12062c60-9283-462c-b595-116895819f26.pdf,true,fa677991-d228-4d03-8ab0-4b25f4cae3ad,2025-08-04T05:39:44.586Z,2025-05-19T05:39:44.586Z
f7a2d688-29a2-4e26-865e-9acc56103fb9,c6fd996f-9111-44dd-8a5c-447d9ec855ce,IATF 16949:2016,Industry Specific,IATF,IATF-84588,2023-11-15,2026-11-14,https://cdn.lithiumbuy.com/certs/5a0e01eb-de45-43ff-b343-add9c91a9d75.pdf,true,5a9e3bca-bfbf-4a5c-a0c5-63b01aa16956,2025-11-21T05:39:44.586Z,2023-11-15T05:39:44.586Z
f09e289a-9775-4b39-be50-41054f7284df,0af35e47-626b-47c8-9e0b-9872a03ae8b6,IATF 16949:2016,Industry Specific,IATF,IATF-53769,2025-03-16,2028-03-15,https://cdn.lithiumbuy.com/certs/2f807ac5-339d-49dd-8824-3e6eb290fdab.pdf,true,9c650b85-e28b-4389-9767-ffa6f8e11b2d,2025-11-03T05:39:44.586Z,2025-03-16T05:39:44.586Z
14294f74-3b0e-405b-9f2e-d491cc32ada8,9229b841-28bc-4c21-ae95-b1580c26e5c4,ISO 45001:2018,Safety,ISO,ISO-35950,2024-11-22,2027-11-22,https://cdn.lithiumbuy.com/certs/4616ea7c-bd6d-43e4-8a11-5ad0ed1a54bb.pdf,true,9cbe409b-15fc-4217-a586-e650b7c811ea,2025-09-30T05:39:44.586Z,2024-11-22T05:39:44.586Z
72956f08-1c45-46e7-b2e0-b4b19651f985,0e47e6d4-bb17-4ac5-a2fa-2e1f2f96443e,ISO 14001:2015,Environmental,ISO,ISO-81017,2023-05-28,2026-05-27,https://cdn.lithiumbuy.com/certs/349f1447-d602-40fb-86ae-274e74e37d65.pdf,true,48e0fa55-a8e9-455f-be3e-0fd2550555ce,2025-11-10T05:39:44.586Z,2023-05-28T05:39:44.586Z
32d9b947-68cf-4f72-bedb-41f5dd6f511a,8e503c29-9cdb-4f53-ae51-aee678085660,IATF 16949:2016,Industry Specific,IATF,IATF-71808,2023-03-11,2026-03-10,https://cdn.lithiumbuy.com/certs/b9e0576f-81ca-4780-9877-7aaf0d7350a9.pdf,true,bd052846-2fa0-4738-9340-62556ea87d53,2025-11-27T05:39:44.586Z,2023-03-11T05:39:44.586Z
6cdf9168-629e-4950-a7d5-e617fcf24591,33341bfa-7a02-4df4-8eb7-e343553bacdd,ISO 9001:2015,Quality Management,ISO,ISO-11102,2025-03-26,2028-03-25,https://cdn.lithiumbuy.com/certs/d9e0c9c3-cd6c-46b4-9d44-5056b8924cae.pdf,true,1ac66a44-59ef-4cbf-a631-fb11542c407a,2025-08-11T05:39:44.586Z,2025-03-26T05:39:44.586Z
e581adca-31f9-4cf2-99d1-0466875b2241,ee2e59c2-0031-48e5-8e02-06bcc4fc83f7,IATF 16949:2016,Industry Specific,IATF,IATF-29242,2023-09-11,2026-09-10,https://cdn.lithiumbuy.com/certs/b8aca40a-dbfa-476a-92e7-aa3e682ae434.pdf,true,5b343805-815f-4673-8b8c-33b90dc15190,2025-09-21T05:39:44.586Z,2023-09-11T05:39:44.586Z