id,org_id,display_name,legal_name,description,website,email,phone,verification_tier,verification_date,logo_url,banner_url,average_rating,total_reviews,total_deals,year_established,employee_count,annual_capacity_mt,esg_certified,iso_certified,metadata,created_at,updated_at
3969643f-066c-4899-9665-45657442ebf6,b978b870-a839-4519-ad50-afd82d3e3762,Legacy Minerals,Legacy Minerals Limited,Leading lithium producer based in Democratic Republic of Congo. Pioneering sustainable mining in Africa. Specializing in technical-grade lithium compounds.,https://www.legacyminerals.com,sales@legacyminerals.com,+327-332-3376,premium,2025-11-22T05:38:30.407Z,https://cdn.lithiumbuy.com/logos/legacy-minerals.png,,4.8,295,1082,2000,1000+,73587,true,true,"{""country"":""Democratic Republic of Congo"",""country_code"":""CD""}",2024-02-15T05:38:30.408Z,2025-12-06T05:38:30.408Z
3926362c-b964-4f16-bb68-8c63ae3ee25f,3562fb18-d2c0-4fcf-abb9-d0089f446aad,Eclipse Holdings,Eclipse Holdings Limited,Leading lithium supplier based in South Africa. Pioneering sustainable mining in Africa. Specializing in technical-grade lithium compounds.,https://www.eclipseholdings.com,sales@eclipseholdings.com,+908-795-5229,premium,2025-04-18T05:38:30.408Z,https://cdn.lithiumbuy.com/logos/eclipse-holdings.png,,4.91,287,779,1992,1000+,113606,true,true,"{""country"":""South Africa"",""country_code"":""ZA""}",2021-02-05T05:38:30.408Z,2025-12-04T05:38:30.408Z
e9169f30-30a8-40fb-9a7b-89eb2e2c7e2b,61b85ded-de08-4543-b5b0-64efd1b44ae3,Apex Energy,Apex Energy Limited,Leading lithium producer based in Mali. Pioneering sustainable mining in Africa. Specializing in battery-grade lithium compounds.,https://www.apexenergy.com,sales@apexenergy.com,+127-905-8686,premium,2025-08-07T05:38:30.408Z,https://cdn.lithiumbuy.com/logos/apex-energy.png,,4.76,190,653,1989,1000+,86293,true,true,"{""country"":""Mali"",""country_code"":""ML""}",2021-06-09T05:38:30.408Z,2025-12-28T05:38:30.408Z
15a2f15e-2b3b-4d6c-95c0-45c55b4da187,928e3db3-b5f0-48dc-a124-79dffb60f68d,Diamond Holdings,Diamond Holdings Limited,Leading lithium producer based in Chile. Established global operations. Specializing in battery-grade lithium compounds.,https://www.diamondholdings.com,sales@diamondholdings.com,+889-772-2614,premium,2025-04-13T05:38:30.408Z,https://cdn.lithiumbuy.com/logos/diamond-holdings.png,,4.97,224,1102,1985,1000+,104614,true,true,"{""country"":""Chile"",""country_code"":""CL""}",2022-12-11T05:38:30.408Z,2025-12-12T05:38:30.408Z
0458e690-7a4d-4c4b-a012-50fdc11f13f9,5d40d19a-cef4-4c27-b402-16c9f81e4880,Emerald Group,Emerald Group Limited,Leading lithium manufacturer based in Democratic Republic of Congo. Pioneering sustainable mining in Africa. Specializing in industrial-grade lithium compounds.,https://www.emeraldgroup.com,sales@emeraldgroup.com,+860-712-7824,premium,2025-06-20T05:38:30.408Z,https://cdn.lithiumbuy.com/logos/emerald-group.png,,5,238,662,1995,1000+,82201,true,true,"{""country"":""Democratic Republic of Congo"",""country_code"":""CD""}",2024-06-24T05:38:30.409Z,2025-12-29T05:38:30.409Z
0971e222-5719-489b-af2c-7a9d9a5a1651,26a9f3d9-fea3-4d4a-8357-c37194609ba0,Diamond Group,Diamond Group Limited,Leading lithium producer based in Nigeria. Pioneering sustainable mining in Africa. Specializing in industrial-grade lithium compounds.,https://www.diamondgroup.com,sales@diamondgroup.com,+106-561-2051,verified,2025-08-29T05:38:30.409Z,https://cdn.lithiumbuy.com/logos/diamond-group.png,,4.67,65,266,2001,501-1000,23541,true,true,"{""country"":""Nigeria"",""country_code"":""NG""}",2024-12-03T05:38:30.409Z,2025-12-29T05:38:30.409Z
5663ce32-a0ed-4c94-ac7f-ac4a0f9b179c,05993bfa-d1ac-48e9-8a40-5aedef858071,Pacific Minerals,Pacific Minerals Limited,Leading lithium supplier based in Canada. Established global operations. Specializing in battery-grade lithium compounds.,https://www.pacificminerals.com,sales@pacificminerals.com,+15-456-9950,verified,2025-07-01T05:38:30.409Z,https://cdn.lithiumbuy.com/logos/pacific-minerals.png,,4.5,108,273,2019,501-1000,39989,true,true,"{""country"":""Canada"",""country_code"":""CA""}",2023-04-02T05:38:30.409Z,2025-12-24T05:38:30.409Z
4022a232-e169-44e0-8c38-ebc6e00bb23e,24b2a98f-3749-43c1-a698-bd9d3be0003a,Continental Corporation,Continental Corporation Limited,Leading lithium processor based in South Africa. Pioneering sustainable mining in Africa. Specializing in battery-grade lithium compounds.,https://www.continentalcorporation.com,sales@continentalcorporation.com,+601-546-3331,verified,2025-12-28T05:38:30.409Z,https://cdn.lithiumbuy.com/logos/continental-corporation.png,,4.52,150,640,2007,501-1000,26545,true,true,"{""country"":""South Africa"",""country_code"":""ZA""}",2021-05-22T05:38:30.409Z,2025-12-09T05:38:30.409Z
a303100d-a5a2-46ee-8c2a-db05153285be,31ac4866-db89-4c74-94a5-012de099a8c2,Apex Resources,Apex Resources Limited,Leading lithium processor based in Zimbabwe. Pioneering sustainable mining in Africa. Specializing in technical-grade lithium compounds.,https://www.apexresources.com,sales@apexresources.com,+748-418-4656,verified,2025-08-16T05:38:30.409Z,https://cdn.lithiumbuy.com/logos/apex-resources.png,,4.36,149,696,2013,501-1000,36593,true,true,"{""country"":""Zimbabwe"",""country_code"":""ZW""}",2022-12-18T05:38:30.409Z,2025-12-31T05:38:30.409Z
0993ef4e-0912-4214-88b5-f09012b23d4a,1386f320-f654-4051-a18d-d202e88cfd45,Meridian Energy,Meridian Energy Limited,Leading lithium manufacturer based in Chile. Established global operations. Specializing in industrial-grade lithium compounds.,https://www.meridianenergy.com,sales@meridianenergy.com,+427-699-8885,verified,2025-06-17T05:38:30.409Z,https://cdn.lithiumbuy.com/logos/meridian-energy.png,,4.51,50,167,2006,1000+,59793,true,true,"{""country"":""Chile"",""country_code"":""CL""}",2021-06-03T05:38:30.409Z,2025-12-14T05:38:30.409Z
e7ab2aab-8519-40c3-beaa-7170563187c1,269c2e24-cf09-4990-8aef-474f888a52e8,Zenith Corporation,Zenith Corporation Limited,Leading lithium producer based in Zimbabwe. Pioneering sustainable mining in Africa. Specializing in industrial-grade lithium compounds.,https://www.zenithcorporation.com,sales@zenithcorporation.com,+150-509-2514,verified,2025-05-11T05:38:30.409Z,https://cdn.lithiumbuy.com/logos/zenith-corporation.png,,4.44,82,278,2007,1000+,51520,true,true,"{""country"":""Zimbabwe"",""country_code"":""ZW""}",2024-02-19T05:38:30.409Z,2025-12-13T05:38:30.409Z
f94d5403-17e2-4a5f-b88e-cc45d1fcc9fd,130a5769-f01e-4d3e-97b1-8ef518dfb039,Platinum Minerals,Platinum Minerals Limited,Leading lithium producer based in Zimbabwe. Pioneering sustainable mining in Africa. Specializing in battery-grade lithium compounds.,https://www.platinumminerals.com,sales@platinumminerals.com,+236-989-5734,verified,2025-04-03T05:38:30.409Z,https://cdn.lithiumbuy.com/logos/platinum-minerals.png,,4.35,54,257,2013,501-1000,32452,true,true,"{""country"":""Zimbabwe"",""country_code"":""ZW""}",2021-08-17T05:38:30.409Z,2026-01-01T05:38:30.409Z
88289413-90bf-42b4-846c-304a5a4a56fc,c951ab0d-43d6-499e-9ef9-45f9ad99e18d,Atlantic Corporation,Atlantic Corporation Limited,Leading lithium manufacturer based in Ghana. Pioneering sustainable mining in Africa. Specializing in industrial-grade lithium compounds.,https://www.atlanticcorporation.com,sales@atlanticcorporation.com,+40-921-4517,verified,2025-04-18T05:38:30.409Z,https://cdn.lithiumbuy.com/logos/atlantic-corporation.png,,4.61,74,163,1997,501-1000,27392,true,true,"{""country"":""Ghana"",""country_code"":""GH""}",2024-09-04T05:38:30.409Z,2025-12-10T05:38:30.409Z
0e47e6d4-bb17-4ac5-a2fa-2e1f2f96443e,0fe24713-f045-4543-b84d-20cb9f648daa,Pacific Materials,"Pacific Materials Co., Ltd.",Leading lithium processor based in China. Established global operations. Specializing in industrial-grade lithium compounds.,https://www.pacificmaterials.com,sales@pacificmaterials.com,+166-938-3764,verified,2025-12-27T05:38:30.409Z,https://cdn.lithiumbuy.com/logos/pacific-materials.png,,4.7,146,293,2020,501-1000,48156,true,true,"{""country"":""China"",""country_code"":""CN""}",2021-12-30T05:38:30.409Z,2025-12-29T05:38:30.409Z
f790d565-6d60-476b-bad7-8dfeb8211617,b61bcb5a-0933-4378-af82-ce8b895a7438,Global Mining,Global Mining Limited,Leading lithium manufacturer based in Ethiopia. Pioneering sustainable mining in Africa. Specializing in battery-grade lithium compounds.,https://www.globalmining.com,sales@globalmining.com,+373-901-1118,verified,2025-05-10T05:38:30.409Z,https://cdn.lithiumbuy.com/logos/global-mining.png,,4.63,122,383,2013,501-1000,26978,false,true,"{""country"":""Ethiopia"",""country_code"":""ET""}",2021-12-31T05:38:30.409Z,2026-01-01T05:38:30.409Z
1b34a295-7e7d-46ef-91e6-ed739cb9d235,ca94c569-0ee8-4f31-8ff3-ff0fbc144e85,Atlantic Energy,Atlantic Energy Limited,Leading lithium supplier based in Ghana. Pioneering sustainable mining in Africa. Specializing in technical-grade lithium compounds.,https://www.atlanticenergy.com,sales@atlanticenergy.com,+998-800-9626,verified,2025-04-23T05:38:30.409Z,https://cdn.lithiumbuy.com/logos/atlantic-energy.png,,4.71,65,179,2001,501-1000,44414,true,true,"{""country"":""Ghana"",""country_code"":""GH""}",2023-04-21T05:38:30.409Z,2025-12-03T05:38:30.409Z
4de41147-0ced-42bb-9c8d-ca43be6d2b05,6228f337-e3f2-48e7-9e6b-44ebbaadacc6,Vertex Materials,Vertex Materials Limited,Leading lithium producer based in South Africa. Pioneering sustainable mining in Africa. Specializing in technical-grade lithium compounds.,https://www.vertexmaterials.com,sales@vertexmaterials.com,+280-231-3565,verified,2025-04-27T05:38:30.409Z,https://cdn.lithiumbuy.com/logos/vertex-materials.png,,4.61,117,399,2002,1000+,57573,true,true,"{""country"":""South Africa"",""country_code"":""ZA""}",2023-08-14T05:38:30.409Z,2025-12-30T05:38:30.409Z
a20dbd32-a765-4c3b-bc92-003c072148dc,ffbc0199-b8f2-479f-b7e1-7be94a806fb3,Frontier Resources,Frontier Resources Limited,Leading lithium processor based in Canada. Established global operations. Specializing in battery-grade lithium compounds.,https://www.frontierresources.com,sales@frontierresources.com,+965-873-6498,verified,2025-10-17T05:38:30.409Z,https://cdn.lithiumbuy.com/logos/frontier-resources.png,,4.68,60,233,2019,501-1000,23205,true,true,"{""country"":""Canada"",""country_code"":""CA""}",2021-11-21T05:38:30.409Z,2025-12-17T05:38:30.409Z
a12299a4-2c5b-42a9-ba81-b50ed03324ea,311e4622-d636-434e-8dab-62a74ca3f157,Pioneer Group,Pioneer Group Limited,Leading lithium manufacturer based in Canada. Established global operations. Specializing in battery-grade lithium compounds.,https://www.pioneergroup.com,sales@pioneergroup.com,+476-893-3552,verified,2025-05-26T05:38:30.409Z,https://cdn.lithiumbuy.com/logos/pioneer-group.png,,4.53,110,303,2002,1000+,54171,false,true,"{""country"":""Canada"",""country_code"":""CA""}",2024-12-22T05:38:30.409Z,2025-12-10T05:38:30.409Z
37fbb935-02c2-4908-8a0d-1767ce72736c,ab60c003-f1b3-4f25-8cc7-c0009a934ed0,Eclipse Holdings,Eclipse Holdings Limited,Leading lithium processor based in Nigeria. Pioneering sustainable mining in Africa. Specializing in technical-grade lithium compounds.,https://www.eclipseholdings.com,sales@eclipseholdings.com,+850-270-9632,verified,2025-02-11T05:38:30.409Z,https://cdn.lithiumbuy.com/logos/eclipse-holdings.png,,4.47,144,315,2012,1000+,53860,true,true,"{""country"":""Nigeria"",""country_code"":""NG""}",2022-10-15T05:38:30.409Z,2025-12-16T05:38:30.409Z
2ffbea36-6c6d-4cb1-9a23-e1c4fab1634d,a99df065-44b8-4944-a0ea-b2aff16d42d6,Pioneer Resources,Pioneer Resources Limited,Leading lithium manufacturer based in Nigeria. Pioneering sustainable mining in Africa. Specializing in battery-grade lithium compounds.,https://www.pioneerresources.com,sales@pioneerresources.com,+176-485-8494,verified,2025-04-06T05:38:30.409Z,https://cdn.lithiumbuy.com/logos/pioneer-resources.png,,4.44,122,441,2011,1000+,59124,false,true,"{""country"":""Nigeria"",""country_code"":""NG""}",2021-12-01T05:38:30.409Z,2025-12-23T05:38:30.409Z
899e3891-f93f-4d0d-8a05-4f23adaeac21,4b28e16a-1939-4ff7-ad30-43fee838c5d3,Global Resources,Global Resources Limited,Leading lithium producer based in Rwanda. Pioneering sustainable mining in Africa. Specializing in industrial-grade lithium compounds.,https://www.globalresources.com,sales@globalresources.com,+785-717-7951,verified,2025-01-31T05:38:30.409Z,https://cdn.lithiumbuy.com/logos/global-resources.png,,4.57,78,279,2003,501-1000,22208,true,true,"{""country"":""Rwanda"",""country_code"":""RW""}",2022-11-03T05:38:30.409Z,2025-12-21T05:38:30.409Z
77a43956-c6c9-4ba6-96ea-337574954ed2,a404860f-8c7b-4bdb-8d09-b048c6fd5bc3,Zenith Enterprises,Zenith Enterprises Limited,Leading lithium processor based in Mali. Pioneering sustainable mining in Africa. Specializing in technical-grade lithium compounds.,https://www.zenithenterprises.com,sales@zenithenterprises.com,+45-472-6039,verified,2025-09-07T05:38:30.409Z,https://cdn.lithiumbuy.com/logos/zenith-enterprises.png,,4.31,73,210,2020,501-1000,33317,true,true,"{""country"":""Mali"",""country_code"":""ML""}",2023-05-24T05:38:30.409Z,2025-12-26T05:38:30.409Z
b81d6b03-e5b8-4775-ae41-f217e25d8d23,9062cbd4-c67b-4e5c-a17d-856f0d3ce2e1,Platinum Energy,Platinum Energy Corporation,Leading lithium producer based in United States. Established global operations. Specializing in technical-grade lithium compounds.,https://www.platinumenergy.com,sales@platinumenergy.com,+541-390-9633,verified,2025-09-18T05:38:30.409Z,https://cdn.lithiumbuy.com/logos/platinum-energy.png,,4.66,78,246,1998,1000+,52481,true,true,"{""country"":""United States"",""country_code"":""US""}",2022-10-23T05:38:30.409Z,2025-12-29T05:38:30.409Z
a9f4a45c-896f-4699-bdb5-053a60619f4e,281dd846-cce1-4618-9f52-f01063a390d6,Diamond Holdings,Diamond Holdings Limited,Leading lithium producer based in Australia. Established global operations. Specializing in battery-grade lithium compounds.,https://www.diamondholdings.com,sales@diamondholdings.com,+667-248-2887,verified,2025-08-22T05:38:30.409Z,https://cdn.lithiumbuy.com/logos/diamond-holdings.png,,4.6,85,419,2005,1000+,59250,true,true,"{""country"":""Australia"",""country_code"":""AU""}",2022-12-28T05:38:30.409Z,2025-12-12T05:38:30.409Z
2ad8b3e1-554c-4068-a664-76129b3d5235,0a8f02ba-c843-4109-913f-42e990f7d0b8,International Holdings,International Holdings Corporation,Leading lithium processor based in United States. Established global operations. Specializing in industrial-grade lithium compounds.,https://www.internationalholdings.com,sales@internationalholdings.com,+155-402-5871,verified,2025-04-14T05:38:30.409Z,https://cdn.lithiumbuy.com/logos/international-holdings.png,,4.56,115,397,2008,501-1000,21049,true,true,"{""country"":""United States"",""country_code"":""US""}",2021-03-17T05:38:30.409Z,2025-12-03T05:38:30.409Z
bfd89266-65d2-4a19-a83d-6510f05854ea,1addd1e4-0ce7-43d8-b73f-42c9fb237a21,Pacific Group,Pacific Group Limited,Leading lithium supplier based in Argentina. Established global operations. Specializing in battery-grade lithium compounds.,https://www.pacificgroup.com,sales@pacificgroup.com,+514-831-8915,verified,2025-03-14T05:38:30.409Z,https://cdn.lithiumbuy.com/logos/pacific-group.png,,4.71,71,162,1998,501-1000,23336,true,true,"{""country"":""Argentina"",""country_code"":""AR""}",2023-12-16T05:38:30.409Z,2025-12-16T05:38:30.409Z
a17023fb-6086-437b-ab59-0e7cdd24e603,1151a52b-9ae3-47af-823c-6dd51ab9c50e,Pacific Industries,Pacific Industries Limited,Leading lithium producer based in Nigeria. Pioneering sustainable mining in Africa. Specializing in technical-grade lithium compounds.,https://www.pacificindustries.com,sales@pacificindustries.com,+521-655-6107,verified,2025-02-23T05:38:30.409Z,https://cdn.lithiumbuy.com/logos/pacific-industries.png,,4.41,150,366,1997,1000+,57148,false,true,"{""country"":""Nigeria"",""country_code"":""NG""}",2024-06-30T05:38:30.409Z,2025-12-18T05:38:30.409Z
87519094-b5f3-4ef6-9d9c-8e503fcfed38,6ef04ff0-57e9-414e-8fc5-b106eed46254,Quantum Lithium,Quantum Lithium Limited,Leading lithium producer based in Nigeria. Pioneering sustainable mining in Africa. Specializing in battery-grade lithium compounds.,https://www.quantumlithium.com,sales@quantumlithium.com,+292-749-6865,verified,2025-12-18T05:38:30.409Z,https://cdn.lithiumbuy.com/logos/quantum-lithium.png,,4.51,92,326,2008,501-1000,49683,true,true,"{""country"":""Nigeria"",""country_code"":""NG""}",2024-02-10T05:38:30.409Z,2025-12-21T05:38:30.409Z
d74f7fe2-0419-4385-bd64-0b1ec5f0c7ea,17341551-5887-4759-ba47-7fe116721ed9,Continental Mining,Continental Mining Limited,Leading lithium producer based in Namibia. Pioneering sustainable mining in Africa. Specializing in industrial-grade lithium compounds.,https://www.continentalmining.com,sales@continentalmining.com,+533-597-1284,verified,2025-05-22T05:38:30.409Z,https://cdn.lithiumbuy.com/logos/continental-mining.png,,4.31,98,228,2002,1000+,58124,true,true,"{""country"":""Namibia"",""country_code"":""NA""}",2022-08-23T05:38:30.409Z,2025-12-07T05:38:30.409Z
9ddf70f9-bbc1-443d-bc61-d43c7eff6f35,a2747b2b-6559-420d-9000-5d50eb483814,Eclipse Enterprises,Eclipse Enterprises Limited,Leading lithium supplier based in Canada. Established global operations. Specializing in battery-grade lithium compounds.,https://www.eclipseenterprises.com,sales@eclipseenterprises.com,+241-968-3706,basic,2025-05-05T05:38:30.409Z,https://cdn.lithiumbuy.com/logos/eclipse-enterprises.png,,4.1,48,198,2005,201-500,9987,false,true,"{""country"":""Canada"",""country_code"":""CA""}",2022-03-27T05:38:30.409Z,2025-12-07T05:38:30.409Z
277bf9bb-fafe-41f0-903a-c7debfdda64b,165d7f77-eece-44d8-8f9b-54a7954d70d7,Emerald Lithium,Emerald Lithium Limited,Leading lithium manufacturer based in Nigeria. Pioneering sustainable mining in Africa. Specializing in industrial-grade lithium compounds.,https://www.emeraldlithium.com,sales@emeraldlithium.com,+916-275-1701,basic,2025-11-18T05:38:30.409Z,https://cdn.lithiumbuy.com/logos/emerald-lithium.png,,4.39,43,201,2015,201-500,8063,false,true,"{""country"":""Nigeria"",""country_code"":""NG""}",2023-11-17T05:38:30.409Z,2025-12-11T05:38:30.409Z
85f19c5f-c906-4131-a2e1-c7ee824853e5,66743909-7ab0-4598-b3d6-0193c1d38891,Legacy Minerals,Legacy Minerals Limited,Leading lithium manufacturer based in Argentina. Established global operations. Specializing in battery-grade lithium compounds.,https://www.legacyminerals.com,sales@legacyminerals.com,+947-703-5430,basic,2025-11-06T05:38:30.409Z,https://cdn.lithiumbuy.com/logos/legacy-minerals.png,,4.23,50,220,2006,201-500,11013,false,true,"{""country"":""Argentina"",""country_code"":""AR""}",2021-01-19T05:38:30.409Z,2025-12-28T05:38:30.409Z
b773ff39-d507-4e20-9088-7d1b90ef4c59,d0f3b21e-1deb-4e2d-8c6a-d1af33ac82f2,Horizon Group,Horizon Group Limited,Leading lithium supplier based in South Africa. Pioneering sustainable mining in Africa. Specializing in battery-grade lithium compounds.,https://www.horizongroup.com,sales@horizongroup.com,+546-356-6042,basic,2025-01-16T05:38:30.409Z,https://cdn.lithiumbuy.com/logos/horizon-group.png,,4.28,50,234,1996,201-500,12989,false,true,"{""country"":""South Africa"",""country_code"":""ZA""}",2021-05-29T05:38:30.409Z,2026-01-02T05:38:30.409Z
46aa2e65-5481-48a0-a421-7cb0e2e0a8e9,80b44be6-26bc-44a2-a674-79064dad0633,Diamond Industries,Diamond Industries Limited,Leading lithium supplier based in Ethiopia. Pioneering sustainable mining in Africa. Specializing in technical-grade lithium compounds.,https://www.diamondindustries.com,sales@diamondindustries.com,+188-584-7400,basic,2025-12-18T05:38:30.409Z,https://cdn.lithiumbuy.com/logos/diamond-industries.png,,3.97,21,72,2016,201-500,16379,false,true,"{""country"":""Ethiopia"",""country_code"":""ET""}",2021-07-11T05:38:30.409Z,2025-12-13T05:38:30.409Z
7046e05c-72f2-4a98-8623-30516724d0bc,ece868b9-9fdd-4eeb-ae10-51967cc0a9e7,Platinum Mining,Platinum Mining Limited,Leading lithium processor based in Mali. Pioneering sustainable mining in Africa. Specializing in industrial-grade lithium compounds.,https://www.platinummining.com,sales@platinummining.com,+687-866-8306,basic,2025-06-30T05:38:30.409Z,https://cdn.lithiumbuy.com/logos/platinum-mining.png,,4.11,24,85,2019,201-500,19232,false,true,"{""country"":""Mali"",""country_code"":""ML""}",2022-06-16T05:38:30.409Z,2026-01-01T05:38:30.409Z
c43156d6-c9e0-40c1-98e7-8e1fa8d3aaa5,888e6f28-75e1-4675-bac4-026366966e2b,Quantum Minerals,Quantum Minerals Limited,Leading lithium supplier based in Argentina. Established global operations. Specializing in technical-grade lithium compounds.,https://www.quantumminerals.com,sales@quantumminerals.com,+430-875-7372,basic,2025-02-27T05:38:30.409Z,https://cdn.lithiumbuy.com/logos/quantum-minerals.png,,4.39,22,106,2012,201-500,12772,false,true,"{""country"":""Argentina"",""country_code"":""AR""}",2022-03-12T05:38:30.409Z,2025-12-29T05:38:30.409Z
0af35e47-626b-47c8-9e0b-9872a03ae8b6,15fb87b7-0485-46e6-b789-f4ea93cc2850,Legacy Materials,Legacy Materials Limited,Leading lithium supplier based in Australia. Established global operations. Specializing in technical-grade lithium compounds.,https://www.legacymaterials.com,sales@legacymaterials.com,+49-914-9535,basic,2025-01-02T05:38:30.409Z,https://cdn.lithiumbuy.com/logos/legacy-materials.png,,3.85,22,70,1999,201-500,16715,false,true,"{""country"":""Australia"",""country_code"":""AU""}",2022-02-24T05:38:30.409Z,2025-12-09T05:38:30.409Z
2da0a606-c888-4caa-8d0c-81d3aed13dba,8519fb33-e9e0-44c1-92f2-2e5f9581d28e,Nexus Materials,Nexus Materials Limited,Leading lithium producer based in Rwanda. Pioneering sustainable mining in Africa. Specializing in battery-grade lithium compounds.,https://www.nexusmaterials.com,sales@nexusmaterials.com,+520-582-1245,basic,2025-12-29T05:38:30.410Z,https://cdn.lithiumbuy.com/logos/nexus-materials.png,,4.43,40,176,2019,201-500,15585,false,true,"{""country"":""Rwanda"",""country_code"":""RW""}",2022-09-05T05:38:30.410Z,2025-12-25T05:38:30.410Z
526452e8-c64a-4b48-a821-9a65c3d3da45,14458900-e11c-48a8-ba0e-94961aca66e5,Premier Enterprises,Premier Enterprises Limited,Leading lithium manufacturer based in Nigeria. Pioneering sustainable mining in Africa. Specializing in industrial-grade lithium compounds.,https://www.premierenterprises.com,sales@premierenterprises.com,+920-899-8856,basic,2025-05-26T05:38:30.410Z,https://cdn.lithiumbuy.com/logos/premier-enterprises.png,,4.15,11,47,2000,201-500,7343,false,true,"{""country"":""Nigeria"",""country_code"":""NG""}",2023-05-08T05:38:30.410Z,2025-12-09T05:38:30.410Z
4ab2dd23-7743-42ea-91be-b20cd0b3d3c5,c7e7d2f7-420a-4d22-bab2-536caa96cf50,Pioneer Lithium,Pioneer Lithium Limited,Leading lithium manufacturer based in Chile. Established global operations. Specializing in technical-grade lithium compounds.,https://www.pioneerlithium.com,sales@pioneerlithium.com,+258-217-8701,basic,2025-12-07T05:38:30.410Z,https://cdn.lithiumbuy.com/logos/pioneer-lithium.png,,4.32,18,45,2007,201-500,18712,false,true,"{""country"":""Chile"",""country_code"":""CL""}",2024-05-09T05:38:30.410Z,2025-12-08T05:38:30.410Z
58cdc450-a548-4401-8bf2-112ce2b3a84d,a8b795f6-cf90-468a-a38d-df46e511d9f9,Quantum Resources,Quantum Resources Limited,Leading lithium manufacturer based in Mali. Pioneering sustainable mining in Africa. Specializing in technical-grade lithium compounds.,https://www.quantumresources.com,sales@quantumresources.com,+477-259-3762,basic,2025-03-17T05:38:30.410Z,https://cdn.lithiumbuy.com/logos/quantum-resources.png,,3.93,41,191,2006,201-500,5065,false,true,"{""country"":""Mali"",""country_code"":""ML""}",2021-12-25T05:38:30.410Z,2025-12-05T05:38:30.410Z
07d0779a-7ff7-4ee0-b847-3d7249aff3bf,64d0542f-1bd1-468a-bee7-2ff76036ea7b,Advanced Enterprises,Advanced Enterprises Corporation,Leading lithium manufacturer based in United States. Established global operations. Specializing in battery-grade lithium compounds.,https://www.advancedenterprises.com,sales@advancedenterprises.com,+440-327-6498,basic,2025-09-07T05:38:30.410Z,https://cdn.lithiumbuy.com/logos/advanced-enterprises.png,,4.14,45,97,1999,201-500,8832,false,true,"{""country"":""United States"",""country_code"":""US""}",2022-07-25T05:38:30.410Z,2025-12-27T05:38:30.410Z
5d5649db-7391-4669-88d9-6673def550de,1853c6b8-20b7-44dc-8486-82a0172c7acc,Legacy Mining,Legacy Mining Limited,Leading lithium manufacturer based in Nigeria. Pioneering sustainable mining in Africa. Specializing in technical-grade lithium compounds.,https://www.legacymining.com,sales@legacymining.com,+740-509-1158,basic,2025-01-09T05:38:30.410Z,https://cdn.lithiumbuy.com/logos/legacy-mining.png,,4.19,16,40,2020,201-500,6751,false,true,"{""country"":""Nigeria"",""country_code"":""NG""}",2022-08-14T05:38:30.410Z,2025-12-20T05:38:30.410Z
3f719a20-196e-4723-8a34-9b1673a8bc47,914b599e-b7b5-42eb-8bc8-1e5713a3b9e2,Platinum Industries,Platinum Industries Limited,Leading lithium processor based in Ethiopia. Pioneering sustainable mining in Africa. Specializing in battery-grade lithium compounds.,https://www.platinumindustries.com,sales@platinumindustries.com,+73-642-6180,basic,2025-06-17T05:38:30.410Z,https://cdn.lithiumbuy.com/logos/platinum-industries.png,,3.81,17,57,2009,201-500,11681,false,true,"{""country"":""Ethiopia"",""country_code"":""ET""}",2023-09-07T05:38:30.410Z,2025-12-04T05:38:30.410Z
765d0fb4-d95b-4f37-9659-74ff955aacc3,da1db7c8-ec92-43b3-a3a0-b91a3221390a,International Resources,International Resources Limited,Leading lithium supplier based in Chile. Established global operations. Specializing in technical-grade lithium compounds.,https://www.internationalresources.com,sales@internationalresources.com,+316-324-2660,basic,2025-08-12T05:38:30.410Z,https://cdn.lithiumbuy.com/logos/international-resources.png,,3.82,46,139,1999,201-500,7207,false,true,"{""country"":""Chile"",""country_code"":""CL""}",2021-07-01T05:38:30.410Z,2025-12-21T05:38:30.410Z
3a4a168c-8231-414f-b66c-cde9fd9e59d0,6b730ec4-69bc-42f0-b693-2c19ec310bc9,United Lithium,United Lithium Limited,Leading lithium producer based in Ghana. Pioneering sustainable mining in Africa. Specializing in battery-grade lithium compounds.,https://www.unitedlithium.com,sales@unitedlithium.com,+176-510-3305,basic,2025-03-06T05:38:30.410Z,https://cdn.lithiumbuy.com/logos/united-lithium.png,,4.06,20,93,2004,201-500,5655,false,true,"{""country"":""Ghana"",""country_code"":""GH""}",2023-05-24T05:38:30.410Z,2025-12-12T05:38:30.410Z
265c448a-aec6-45d7-8da5-7ae53396b777,2b4efcc8-d14a-4baa-aa76-3b4eb905ef2c,Premier Minerals,Premier Minerals Limited,Leading lithium supplier based in Mali. Pioneering sustainable mining in Africa. Specializing in technical-grade lithium compounds.,https://www.premierminerals.com,sales@premierminerals.com,+700-485-5545,basic,2025-07-20T05:38:30.410Z,https://cdn.lithiumbuy.com/logos/premier-minerals.png,,3.87,37,81,2020,201-500,11129,false,true,"{""country"":""Mali"",""country_code"":""ML""}",2024-07-10T05:38:30.410Z,2025-12-09T05:38:30.410Z
09191d79-d858-43a1-8a44-050d114344a7,582c4d31-0fb3-4469-9669-3831d7188bef,Legacy Lithium,Legacy Lithium Limited,Leading lithium supplier based in Nigeria. Pioneering sustainable mining in Africa. Specializing in battery-grade lithium compounds.,https://www.legacylithium.com,sales@legacylithium.com,+381-451-3655,basic,2025-08-02T05:38:30.410Z,https://cdn.lithiumbuy.com/logos/legacy-lithium.png,,4.47,36,149,2002,201-500,19311,false,true,"{""country"":""Nigeria"",""country_code"":""NG""}",2022-02-10T05:38:30.410Z,2025-12-23T05:38:30.410Z
ce7e8aa8-2bd9-4139-87d2-b1810e818017,f5fa7336-a514-49a5-8f6e-c7c070fb7cba,Premier Energy,Premier Energy Limited,Leading lithium producer based in Democratic Republic of Congo. Pioneering sustainable mining in Africa. Specializing in industrial-grade lithium compounds.,https://www.premierenergy.com,sales@premierenergy.com,+441-577-3687,basic,2025-04-26T05:38:30.410Z,https://cdn.lithiumbuy.com/logos/premier-energy.png,,4.34,41,149,2020,201-500,15159,false,true,"{""country"":""Democratic Republic of Congo"",""country_code"":""CD""}",2023-10-28T05:38:30.410Z,2025-12-09T05:38:30.410Z
33341bfa-7a02-4df4-8eb7-e343553bacdd,44d5d859-d464-458e-874b-59b9b6ef7db7,Global Holdings,Global Holdings Limited,Leading lithium supplier based in Mali. Pioneering sustainable mining in Africa. Specializing in industrial-grade lithium compounds.,https://www.globalholdings.com,sales@globalholdings.com,+799-583-2951,basic,2025-02-20T05:38:30.410Z,https://cdn.lithiumbuy.com/logos/global-holdings.png,,4.47,21,71,2006,201-500,17207,false,true,"{""country"":""Mali"",""country_code"":""ML""}",2022-10-28T05:38:30.410Z,2025-12-30T05:38:30.410Z
92e40224-054a-4586-9281-4b7fc2df2278,f00c7e4a-33f5-40d8-a433-5417dfe8ed94,Diamond Minerals,Diamond Minerals Limited,Leading lithium supplier based in Chile. Established global operations. Specializing in industrial-grade lithium compounds.,https://www.diamondminerals.com,sales@diamondminerals.com,+663-659-4459,basic,2025-06-16T05:38:30.410Z,https://cdn.lithiumbuy.com/logos/diamond-minerals.png,,3.91,18,78,2009,201-500,11579,false,true,"{""country"":""Chile"",""country_code"":""CL""}",2024-06-09T05:38:30.410Z,2025-12-15T05:38:30.410Z
03d7c773-07d1-4c54-87fd-e34038901632,ff1e9032-5d3a-49fe-b21a-126985ba2c68,Diamond Corporation,Diamond Corporation Limited,Leading lithium processor based in Namibia. Pioneering sustainable mining in Africa. Specializing in industrial-grade lithium compounds.,https://www.diamondcorporation.com,sales@diamondcorporation.com,+343-415-9813,basic,2025-06-16T05:38:30.410Z,https://cdn.lithiumbuy.com/logos/diamond-corporation.png,,4.21,44,149,2008,201-500,9842,false,true,"{""country"":""Namibia"",""country_code"":""NA""}",2022-02-16T05:38:30.410Z,2025-12-16T05:38:30.410Z
9e435b1b-3b26-4f4b-9b97-17ba2e5c1452,8736b6c5-69ed-4df5-ab59-e5c133f48256,Vertex Group,Vertex Group Limited,Leading lithium producer based in Ghana. Pioneering sustainable mining in Africa. Specializing in industrial-grade lithium compounds.,https://www.vertexgroup.com,sales@vertexgroup.com,+732-890-6184,basic,2025-09-03T05:38:30.410Z,https://cdn.lithiumbuy.com/logos/vertex-group.png,,3.92,16,72,2009,201-500,10835,false,true,"{""country"":""Ghana"",""country_code"":""GH""}",2024-05-17T05:38:30.410Z,2025-12-25T05:38:30.410Z
bf88a555-918c-492c-9f7e-52f3067cd1fa,86118e5a-f9d7-4d8c-b19f-03e7aae538f4,Vertex Materials,Vertex Materials Limited,Leading lithium supplier based in South Africa. Pioneering sustainable mining in Africa. Specializing in battery-grade lithium compounds.,https://www.vertexmaterials.com,sales@vertexmaterials.com,+476-556-8312,basic,2025-02-09T05:38:30.410Z,https://cdn.lithiumbuy.com/logos/vertex-materials.png,,4.35,20,65,2013,201-500,8318,false,true,"{""country"":""South Africa"",""country_code"":""ZA""}",2021-05-10T05:38:30.410Z,2025-12-27T05:38:30.410Z
2f754c55-e158-45fa-be6b-851496b9ea40,43740e8a-3ce8-4b77-9a73-9a62ef4185be,Continental Group,Continental Group Limited,Leading lithium processor based in Canada. Established global operations. Specializing in battery-grade lithium compounds.,https://www.continentalgroup.com,sales@continentalgroup.com,+204-246-6246,basic,2025-12-25T05:38:30.410Z,https://cdn.lithiumbuy.com/logos/continental-group.png,,3.88,34,108,1997,201-500,7838,false,true,"{""country"":""Canada"",""country_code"":""CA""}",2024-01-10T05:38:30.410Z,2025-12-07T05:38:30.410Z
7f8fe15b-7d71-48da-8487-0aaa6b197c9b,a74d982e-6f8d-435d-957d-ccd6ade83e7a,United Materials,United Materials Limited,Leading lithium producer based in Canada. Established global operations. Specializing in technical-grade lithium compounds.,https://www.unitedmaterials.com,sales@unitedmaterials.com,+909-427-9853,basic,2025-08-26T05:38:30.410Z,https://cdn.lithiumbuy.com/logos/united-materials.png,,4.14,14,33,1997,201-500,13620,false,true,"{""country"":""Canada"",""country_code"":""CA""}",2021-09-07T05:38:30.410Z,2025-12-28T05:38:30.410Z
069ad08e-21cf-45e4-bbc0-427b90c8ae9f,e1420a5b-709a-462c-9e99-e758d5354fff,Eclipse Industries,Eclipse Industries Limited,Leading lithium supplier based in South Africa. Pioneering sustainable mining in Africa. Specializing in industrial-grade lithium compounds.,https://www.eclipseindustries.com,sales@eclipseindustries.com,+342-175-6264,basic,2025-04-06T05:38:30.410Z,https://cdn.lithiumbuy.com/logos/eclipse-industries.png,,4.46,30,107,2006,201-500,18684,false,true,"{""country"":""South Africa"",""country_code"":""ZA""}",2021-11-06T05:38:30.410Z,2025-12-16T05:38:30.410Z
b3a55e8a-812c-4397-93ff-05259f0f42c8,a16a047e-d462-4667-8f87-0a4f290a6703,Atlantic Enterprises,"Atlantic Enterprises Co., Ltd.",Leading lithium supplier based in China. Established global operations. Specializing in technical-grade lithium compounds.,https://www.atlanticenterprises.com,sales@atlanticenterprises.com,+225-945-1021,basic,2025-06-17T05:38:30.410Z,https://cdn.lithiumbuy.com/logos/atlantic-enterprises.png,,4.11,11,32,2013,201-500,12312,false,true,"{""country"":""China"",""country_code"":""CN""}",2023-09-18T05:38:30.410Z,2026-01-01T05:38:30.410Z
1084f4f1-4e9b-4266-b782-ae20022825b0,66d7c2db-a23f-41ee-9d79-93cb14c11613,Atlantic Mining,Atlantic Mining Limited,Leading lithium processor based in Ethiopia. Pioneering sustainable mining in Africa. Specializing in battery-grade lithium compounds.,https://www.atlanticmining.com,sales@atlanticmining.com,+471-145-8381,basic,2025-05-05T05:38:30.410Z,https://cdn.lithiumbuy.com/logos/atlantic-mining.png,,4.18,22,48,2014,201-500,13677,false,true,"{""country"":""Ethiopia"",""country_code"":""ET""}",2021-04-02T05:38:30.410Z,2025-12-28T05:38:30.410Z
ee2e59c2-0031-48e5-8e02-06bcc4fc83f7,a1dbeb9a-7e61-4f29-b3e4-2bb466f8a610,Zenith Lithium,Zenith Lithium Limited,Leading lithium supplier based in Namibia. Pioneering sustainable mining in Africa. Specializing in technical-grade lithium compounds.,https://www.zenithlithium.com,sales@zenithlithium.com,+372-560-5663,basic,2025-09-28T05:38:30.410Z,https://cdn.lithiumbuy.com/logos/zenith-lithium.png,,3.84,39,121,2020,201-500,18319,false,true,"{""country"":""Namibia"",""country_code"":""NA""}",2021-03-15T05:38:30.410Z,2025-12-25T05:38:30.410Z
e897675f-2cb6-40c7-84a0-7f4b1434e0cd,ed0aaae9-464e-4191-81a5-43ff0c5aab35,Pioneer Resources,Pioneer Resources Limited,Leading lithium producer based in Namibia. Pioneering sustainable mining in Africa. Specializing in industrial-grade lithium compounds.,https://www.pioneerresources.com,sales@pioneerresources.com,+216-685-4185,basic,2025-04-09T05:38:30.410Z,https://cdn.lithiumbuy.com/logos/pioneer-resources.png,,4.24,39,109,2020,201-500,14614,false,true,"{""country"":""Namibia"",""country_code"":""NA""}",2024-05-22T05:38:30.410Z,2025-12-25T05:38:30.410Z
6b2a28c1-efc7-4c51-9f8b-6b6091a53401,646aba10-86e8-4897-930b-fd1386565c36,Zenith Group,Zenith Group Limited,Leading lithium supplier based in Ghana. Pioneering sustainable mining in Africa. Specializing in technical-grade lithium compounds.,https://www.zenithgroup.com,sales@zenithgroup.com,+850-948-6351,basic,2025-11-19T05:38:30.410Z,https://cdn.lithiumbuy.com/logos/zenith-group.png,,4.31,45,192,2009,201-500,15142,false,true,"{""country"":""Ghana"",""country_code"":""GH""}",2023-09-28T05:38:30.410Z,2025-12-11T05:38:30.410Z
0da3391f-6ec1-4d91-9502-5dd71c6bc945,ea6000ab-fed7-4959-98ff-f178ff383723,Atlantic Mining,Atlantic Mining Limited,Leading lithium producer based in Chile. Established global operations. Specializing in battery-grade lithium compounds.,https://www.atlanticmining.com,sales@atlanticmining.com,+207-958-5327,basic,2025-02-01T05:38:30.410Z,https://cdn.lithiumbuy.com/logos/atlantic-mining.png,,3.88,49,222,2014,201-500,11208,false,true,"{""country"":""Chile"",""country_code"":""CL""}",2022-11-12T05:38:30.410Z,2025-12-11T05:38:30.410Z
58dbceb8-d97c-4f7b-86d5-3596474df86c,eac24027-93e4-4b7b-b72c-dcf1af6746f5,Diamond Materials,Diamond Materials Limited,Leading lithium supplier based in Mali. Pioneering sustainable mining in Africa. Specializing in battery-grade lithium compounds.,https://www.diamondmaterials.com,sales@diamondmaterials.com,+185-526-5936,basic,2025-08-13T05:38:30.410Z,https://cdn.lithiumbuy.com/logos/diamond-materials.png,,4.44,32,91,1995,201-500,10042,false,true,"{""country"":""Mali"",""country_code"":""ML""}",2021-03-13T05:38:30.410Z,2025-12-17T05:38:30.410Z
f0c10fd4-4824-48f0-8cf6-69a22c1b43f2,bca392c7-a58c-44a4-9d9a-8960b6218325,Pacific Lithium,Pacific Lithium Limited,Leading lithium supplier based in Rwanda. Pioneering sustainable mining in Africa. Specializing in battery-grade lithium compounds.,https://www.pacificlithium.com,sales@pacificlithium.com,+442-865-6435,basic,2026-01-01T05:38:30.410Z,https://cdn.lithiumbuy.com/logos/pacific-lithium.png,,4.38,40,107,2007,201-500,8257,false,true,"{""country"":""Rwanda"",""country_code"":""RW""}",2023-02-23T05:38:30.410Z,2025-12-31T05:38:30.410Z
4dc832b4-9cc1-4014-8e58-07e70889ab89,9126a023-92c4-4b92-9b71-28518f216cb5,Emerald Group,Emerald Group Limited,Leading lithium manufacturer based in South Africa. Pioneering sustainable mining in Africa. Specializing in technical-grade lithium compounds.,https://www.emeraldgroup.com,sales@emeraldgroup.com,+469-752-2121,basic,2025-08-28T05:38:30.410Z,https://cdn.lithiumbuy.com/logos/emerald-group.png,,3.92,23,58,2001,201-500,8703,false,true,"{""country"":""South Africa"",""country_code"":""ZA""}",2022-07-01T05:38:30.410Z,2025-12-23T05:38:30.410Z
e25887d0-5884-4785-a22c-af72e2626bd4,5533546a-58fb-4756-9d3d-1cf8681f19d6,Horizon Resources,Horizon Resources Limited,Leading lithium manufacturer based in South Africa. Pioneering sustainable mining in Africa. Specializing in industrial-grade lithium compounds.,https://www.horizonresources.com,sales@horizonresources.com,+150-347-1350,basic,2025-12-22T05:38:30.410Z,https://cdn.lithiumbuy.com/logos/horizon-resources.png,,4.38,40,184,2006,201-500,10718,false,true,"{""country"":""South Africa"",""country_code"":""ZA""}",2024-09-12T05:38:30.410Z,2025-12-30T05:38:30.410Z
02928f0e-27b3-43ea-bfe8-9fe0dd78620f,f7579129-2ef9-403b-a2e2-f60d9441f3c2,Summit Minerals,Summit Minerals Limited,Leading lithium processor based in Canada. Established global operations. Specializing in industrial-grade lithium compounds.,https://www.summitminerals.com,sales@summitminerals.com,+737-570-4282,basic,2025-03-01T05:38:30.410Z,https://cdn.lithiumbuy.com/logos/summit-minerals.png,,4.07,13,38,2001,201-500,14055,false,true,"{""country"":""Canada"",""country_code"":""CA""}",2023-03-22T05:38:30.410Z,2025-12-22T05:38:30.410Z
fe57c791-f841-4b8b-8fd0-68d854ee8ce5,0385a442-7dd0-4bc9-a4c3-256874a8329e,Frontier Resources,Frontier Resources Limited,Leading lithium processor based in Ethiopia. Pioneering sustainable mining in Africa. Specializing in technical-grade lithium compounds.,https://www.frontierresources.com,sales@frontierresources.com,+588-571-1179,basic,2025-04-27T05:38:30.410Z,https://cdn.lithiumbuy.com/logos/frontier-resources.png,,3.9,43,94,2008,201-500,18915,false,true,"{""country"":""Ethiopia"",""country_code"":""ET""}",2024-08-05T05:38:30.410Z,2025-12-31T05:38:30.410Z
d108e80f-d16f-4dbc-b16f-1587d9c2e46e,d1842075-dc4b-491e-96fe-40387814ae46,International Holdings,International Holdings Limited,Leading lithium producer based in Ghana. Pioneering sustainable mining in Africa. Specializing in battery-grade lithium compounds.,https://www.internationalholdings.com,sales@internationalholdings.com,+602-429-4597,basic,2025-06-17T05:38:30.410Z,https://cdn.lithiumbuy.com/logos/international-holdings.png,,3.96,14,45,2008,201-500,16521,false,true,"{""country"":""Ghana"",""country_code"":""GH""}",2023-06-09T05:38:30.410Z,2025-12-06T05:38:30.410Z
f16cc7d8-2a7e-4a46-af12-1f1b632bb344,c64fc108-12da-49b0-985c-1c00ce6d036b,Nexus Resources,"Nexus Resources Co., Ltd.",Leading lithium supplier based in China. Established global operations. Specializing in battery-grade lithium compounds.,https://www.nexusresources.com,sales@nexusresources.com,+288-220-2955,basic,2025-07-04T05:38:30.410Z,https://cdn.lithiumbuy.com/logos/nexus-resources.png,,4.28,20,43,2001,201-500,16983,false,true,"{""country"":""China"",""country_code"":""CN""}",2023-09-07T05:38:30.410Z,2025-12-25T05:38:30.410Z
84e986ac-d907-4062-b8a1-76728cedcc12,f067a956-eec3-40eb-a57f-752c886c0a8c,Zenith Lithium,Zenith Lithium Corporation,Leading lithium producer based in United States. Established global operations. Specializing in industrial-grade lithium compounds.,https://www.zenithlithium.com,sales@zenithlithium.com,+658-186-5213,basic,2025-10-31T05:38:30.411Z,https://cdn.lithiumbuy.com/logos/zenith-lithium.png,,4.19,45,213,2001,201-500,14835,false,true,"{""country"":""United States"",""country_code"":""US""}",2022-10-12T05:38:30.411Z,2025-12-28T05:38:30.411Z
2d30e743-73b2-47fc-9549-5369d02cc849,567e4dd4-9b5b-4ff1-a09d-5e72f1cf6eee,Eclipse Enterprises,Eclipse Enterprises Limited,Leading lithium supplier based in Ethiopia. Pioneering sustainable mining in Africa. Specializing in battery-grade lithium compounds.,https://www.eclipseenterprises.com,sales@eclipseenterprises.com,+626-869-8396,basic,2025-04-11T05:38:30.411Z,https://cdn.lithiumbuy.com/logos/eclipse-enterprises.png,,4.11,10,49,2000,201-500,16047,false,true,"{""country"":""Ethiopia"",""country_code"":""ET""}",2024-10-12T05:38:30.411Z,2025-12-10T05:38:30.411Z
cf9be32a-f138-41c4-b44b-755d39c6f0d3,c97ccc67-b220-4447-a929-224d2e15a287,Premier Group,Premier Group Limited,Leading lithium supplier based in Ghana. Pioneering sustainable mining in Africa. Specializing in industrial-grade lithium compounds.,https://www.premiergroup.com,sales@premiergroup.com,+169-391-8957,basic,2025-07-26T05:38:30.411Z,https://cdn.lithiumbuy.com/logos/premier-group.png,,4.46,15,35,2014,201-500,8473,false,true,"{""country"":""Ghana"",""country_code"":""GH""}",2021-06-07T05:38:30.411Z,2025-12-15T05:38:30.411Z
a94b6af0-5cf0-494d-81e7-3dec16498b23,a3b6dfc0-feff-4706-8bae-92c6d2d53a58,Eclipse Lithium,Eclipse Lithium Limited,Leading lithium supplier based in Mali. Pioneering sustainable mining in Africa. Specializing in industrial-grade lithium compounds.,https://www.eclipselithium.com,sales@eclipselithium.com,+48-874-2932,basic,2025-01-30T05:38:30.411Z,https://cdn.lithiumbuy.com/logos/eclipse-lithium.png,,3.94,16,34,2019,201-500,16049,false,true,"{""country"":""Mali"",""country_code"":""ML""}",2021-01-20T05:38:30.411Z,2025-12-07T05:38:30.411Z
a355b262-f108-4bd3-a667-220684eb08fa,f6febd32-b6ff-4fa2-9cbb-a9e5c62e0cf9,Diamond Energy,Diamond Energy Limited,Leading lithium supplier based in Democratic Republic of Congo. Pioneering sustainable mining in Africa. Specializing in industrial-grade lithium compounds.,https://www.diamondenergy.com,sales@diamondenergy.com,+626-225-8976,basic,2025-09-17T05:38:30.411Z,https://cdn.lithiumbuy.com/logos/diamond-energy.png,,4.3,33,106,2016,201-500,7148,false,true,"{""country"":""Democratic Republic of Congo"",""country_code"":""CD""}",2024-07-14T05:38:30.411Z,2025-12-03T05:38:30.411Z
58b993bc-0e84-4dad-885f-5ff25ab85520,9d48cf21-f2d0-4834-b0bd-20fe31c4dd18,Horizon Energy,Horizon Energy Corporation,Leading lithium supplier based in United States. Established global operations. Specializing in battery-grade lithium compounds.,https://www.horizonenergy.com,sales@horizonenergy.com,+906-329-4651,basic,2025-07-28T05:38:30.411Z,https://cdn.lithiumbuy.com/logos/horizon-energy.png,,4.17,19,62,2004,201-500,11361,false,true,"{""country"":""United States"",""country_code"":""US""}",2023-09-16T05:38:30.411Z,2025-12-23T05:38:30.411Z
ebdf84c6-923d-4f92-8177-d2dfd2dd9fa6,c949bb52-ff36-4287-9244-fc44ccdc1fb0,Meridian Resources,Meridian Resources Limited,Leading lithium manufacturer based in South Africa. Pioneering sustainable mining in Africa. Specializing in technical-grade lithium compounds.,https://www.meridianresources.com,sales@meridianresources.com,+757-487-3675,basic,2025-12-17T05:38:30.411Z,https://cdn.lithiumbuy.com/logos/meridian-resources.png,,3.99,13,49,2013,201-500,6590,false,true,"{""country"":""South Africa"",""country_code"":""ZA""}",2021-04-22T05:38:30.411Z,2025-12-15T05:38:30.411Z
af118ca3-20ec-42de-b6d2-05ac60311982,c8795fb6-fbfa-4ef2-a1ad-44e3c8599136,International Corporation,International Corporation Limited,Leading lithium processor based in Ghana. Pioneering sustainable mining in Africa. Specializing in technical-grade lithium compounds.,https://www.internationalcorporation.com,sales@internationalcorporation.com,+416-132-7824,basic,2025-05-30T05:38:30.411Z,https://cdn.lithiumbuy.com/logos/international-corporation.png,,4.16,17,71,2008,201-500,11291,false,true,"{""country"":""Ghana"",""country_code"":""GH""}",2024-04-10T05:38:30.411Z,2025-12-16T05:38:30.411Z
2937e4da-c227-4989-8313-267a692ccb74,ce3decb2-fed5-4fc0-8db3-b68ada407ca9,Pioneer Mining,Pioneer Mining Limited,Leading lithium producer based in Zimbabwe. Pioneering sustainable mining in Africa. Specializing in industrial-grade lithium compounds.,https://www.pioneermining.com,sales@pioneermining.com,+789-771-6341,unverified,2025-03-03T05:38:30.411Z,https://cdn.lithiumbuy.com/logos/pioneer-mining.png,,3.15,3,11,2019,51-200,2380,false,false,"{""country"":""Zimbabwe"",""country_code"":""ZW""}",2024-05-08T05:38:30.411Z,2025-12-11T05:38:30.411Z
ede7df30-7bd2-4b90-8cff-36f93936be94,f407c9f2-ec9f-411b-b2b3-4e5926dd9b99,United Corporation,United Corporation Limited,Leading lithium processor based in Chile. Established global operations. Specializing in battery-grade lithium compounds.,https://www.unitedcorporation.com,sales@unitedcorporation.com,+475-281-8424,unverified,2025-09-29T05:38:30.411Z,https://cdn.lithiumbuy.com/logos/united-corporation.png,,3.54,12,50,2002,51-200,3730,false,false,"{""country"":""Chile"",""country_code"":""CL""}",2024-04-01T05:38:30.411Z,2026-01-01T05:38:30.411Z
67517fe0-7dcb-4ec1-9d30-cd456cb8c0af,fe4eeb32-cee3-4556-831d-3db8f3f602b1,Pacific Energy,Pacific Energy Limited,Leading lithium supplier based in Argentina. Established global operations. Specializing in battery-grade lithium compounds.,https://www.pacificenergy.com,sales@pacificenergy.com,+952-497-3559,unverified,2025-09-09T05:38:30.411Z,https://cdn.lithiumbuy.com/logos/pacific-energy.png,,3.48,14,48,2017,51-200,4443,false,false,"{""country"":""Argentina"",""country_code"":""AR""}",2023-11-29T05:38:30.411Z,2025-12-06T05:38:30.411Z
9359313b-6554-4d82-896a-f8df6fcd0ef6,b0516841-0e98-4da8-adee-1966907b8f89,Continental Industries,Continental Industries Corporation,Leading lithium producer based in United States. Established global operations. Specializing in industrial-grade lithium compounds.,https://www.continentalindustries.com,sales@continentalindustries.com,+649-774-1616,unverified,2025-07-27T05:38:30.411Z,https://cdn.lithiumbuy.com/logos/continental-industries.png,,3.9,7,30,2006,51-200,3447,false,false,"{""country"":""United States"",""country_code"":""US""}",2022-07-17T05:38:30.411Z,2026-01-01T05:38:30.411Z
8955fe2c-2821-4805-a0e0-4c4ddda19e0a,8e3366e6-15c0-49f3-b005-18885a8b04f3,Pioneer Industries,Pioneer Industries Limited,Leading lithium manufacturer based in Rwanda. Pioneering sustainable mining in Africa. Specializing in battery-grade lithium compounds.,https://www.pioneerindustries.com,sales@pioneerindustries.com,+835-978-5636,unverified,2025-07-27T05:38:30.411Z,https://cdn.lithiumbuy.com/logos/pioneer-industries.png,,3.75,1,5,2017,51-200,2169,false,false,"{""country"":""Rwanda"",""country_code"":""RW""}",2023-09-06T05:38:30.411Z,2025-12-10T05:38:30.411Z
e73e62f8-b739-4184-9c94-fef86df770a0,6546fa50-bfab-4cd4-8223-0cd0122923c8,Summit Minerals,Summit Minerals Limited,Leading lithium supplier based in Mali. Pioneering sustainable mining in Africa. Specializing in technical-grade lithium compounds.,https://www.summitminerals.com,sales@summitminerals.com,+939-295-1816,unverified,2025-06-21T05:38:30.411Z,https://cdn.lithiumbuy.com/logos/summit-minerals.png,,3.67,2,9,1996,51-200,1528,false,false,"{""country"":""Mali"",""country_code"":""ML""}",2023-09-28T05:38:30.411Z,2025-12-14T05:38:30.411Z
33ab3567-0b9c-4eda-afbd-56a0d6c58527,13ef37ce-789b-4d2e-b9c5-2e1e099737f4,Continental Lithium,Continental Lithium Limited,Leading lithium producer based in Canada. Established global operations. Specializing in industrial-grade lithium compounds.,https://www.continentallithium.com,sales@continentallithium.com,+819-208-7774,unverified,2025-09-24T05:38:30.411Z,https://cdn.lithiumbuy.com/logos/continental-lithium.png,,3.06,7,14,2010,51-200,1007,false,false,"{""country"":""Canada"",""country_code"":""CA""}",2021-12-23T05:38:30.411Z,2025-12-23T05:38:30.411Z
a9baa336-d8c1-4f17-a5a3-33647959e08d,dbc2c590-44ba-4f4d-892f-c855eb337fae,Premier Enterprises,Premier Enterprises Limited,Leading lithium producer based in Australia. Established global operations. Specializing in industrial-grade lithium compounds.,https://www.premierenterprises.com,sales@premierenterprises.com,+357-243-6187,unverified,2025-06-30T05:38:30.411Z,https://cdn.lithiumbuy.com/logos/premier-enterprises.png,,3.35,3,15,2009,51-200,3522,false,false,"{""country"":""Australia"",""country_code"":""AU""}",2022-02-27T05:38:30.411Z,2025-12-17T05:38:30.411Z
b2f50972-7222-46ff-beb2-4abf815821fe,921ae57d-741a-4220-b13c-47994473c0ee,Global Energy,Global Energy Limited,Leading lithium processor based in Australia. Established global operations. Specializing in technical-grade lithium compounds.,https://www.globalenergy.com,sales@globalenergy.com,+911-809-4547,unverified,2025-12-26T05:38:30.411Z,https://cdn.lithiumbuy.com/logos/global-energy.png,,3.34,6,25,2014,51-200,1490,false,false,"{""country"":""Australia"",""country_code"":""AU""}",2022-07-21T05:38:30.411Z,2025-12-04T05:38:30.411Z
7e6280d4-3563-4ed6-a2b0-1faeda9e2b74,5ce0c04d-44c5-47fa-a9bf-1f9bafd2a1a6,Pacific Materials,Pacific Materials Limited,Leading lithium manufacturer based in Mali. Pioneering sustainable mining in Africa. Specializing in technical-grade lithium compounds.,https://www.pacificmaterials.com,sales@pacificmaterials.com,+192-148-5794,unverified,2025-03-30T05:38:30.411Z,https://cdn.lithiumbuy.com/logos/pacific-materials.png,,3.7,9,24,2007,51-200,2295,false,false,"{""country"":""Mali"",""country_code"":""ML""}",2022-02-28T05:38:30.411Z,2025-12-16T05:38:30.411Z
56ccd334-43bc-4997-ae06-d6716b6e7101,de256228-125e-4a23-b913-936e110e884d,Eclipse Energy,Eclipse Energy Limited,Leading lithium producer based in Canada. Established global operations. Specializing in battery-grade lithium compounds.,https://www.eclipseenergy.com,sales@eclipseenergy.com,+490-501-3664,unverified,2025-05-31T05:38:30.411Z,https://cdn.lithiumbuy.com/logos/eclipse-energy.png,,3.78,6,26,2020,51-200,1567,false,false,"{""country"":""Canada"",""country_code"":""CA""}",2023-12-09T05:38:30.411Z,2026-01-02T05:38:30.411Z
c816b440-d47f-4413-9dd3-2d8098f07ff8,5d7bee1a-4a60-4556-8fcf-0d8898f019a6,Platinum Materials,Platinum Materials Limited,Leading lithium manufacturer based in Namibia. Pioneering sustainable mining in Africa. Specializing in battery-grade lithium compounds.,https://www.platinummaterials.com,sales@platinummaterials.com,+546-862-6147,unverified,2025-10-18T05:38:30.411Z,https://cdn.lithiumbuy.com/logos/platinum-materials.png,,3.17,2,9,2000,51-200,2854,false,false,"{""country"":""Namibia"",""country_code"":""NA""}",2022-12-27T05:38:30.411Z,2025-12-11T05:38:30.411Z
4496c558-39c2-486f-8c7b-d621e76a1d0b,5c67f118-e219-4035-9582-65a5586c5636,Emerald Mining,Emerald Mining Limited,Leading lithium supplier based in Chile. Established global operations. Specializing in technical-grade lithium compounds.,https://www.emeraldmining.com,sales@emeraldmining.com,+886-163-9179,unverified,2025-01-02T05:38:30.411Z,https://cdn.lithiumbuy.com/logos/emerald-mining.png,,3.25,13,30,2019,51-200,4516,false,false,"{""country"":""Chile"",""country_code"":""CL""}",2024-12-08T05:38:30.411Z,2025-12-17T05:38:30.411Z
90be6962-3f84-4ae1-b418-fc65256c02d0,2631b0bb-e552-4c64-bb00-c95416c6e273,Summit Group,Summit Group Limited,Leading lithium supplier based in Democratic Republic of Congo. Pioneering sustainable mining in Africa. Specializing in technical-grade lithium compounds.,https://www.summitgroup.com,sales@summitgroup.com,+256-245-7224,unverified,2025-04-08T05:38:30.411Z,https://cdn.lithiumbuy.com/logos/summit-group.png,,4.01,7,16,2001,51-200,4791,false,false,"{""country"":""Democratic Republic of Congo"",""country_code"":""CD""}",2022-02-18T05:38:30.411Z,2025-12-30T05:38:30.411Z
b7b17528-c4fd-4a36-a27a-eb178e66ee70,23cf1350-692e-412d-9c38-8257d1f93718,Global Lithium,Global Lithium Limited,Leading lithium processor based in Australia. Established global operations. Specializing in battery-grade lithium compounds.,https://www.globallithium.com,sales@globallithium.com,+169-237-8054,unverified,2025-08-08T05:38:30.411Z,https://cdn.lithiumbuy.com/logos/global-lithium.png,,3.93,12,38,2013,51-200,3226,false,false,"{""country"":""Australia"",""country_code"":""AU""}",2021-02-02T05:38:30.411Z,2025-12-23T05:38:30.411Z
170c951d-32a9-4902-8594-379c4591e480,23f69c39-ea6d-4f50-b8e0-6cc11ec5c234,Atlantic Energy,Atlantic Energy Limited,Leading lithium supplier based in Chile. Established global operations. Specializing in technical-grade lithium compounds.,https://www.atlanticenergy.com,sales@atlanticenergy.com,+150-721-8022,unverified,2025-08-17T05:38:30.411Z,https://cdn.lithiumbuy.com/logos/atlantic-energy.png,,3.44,4,9,2000,51-200,1891,false,false,"{""country"":""Chile"",""country_code"":""CL""}",2022-02-26T05:38:30.411Z,2025-12-21T05:38:30.411Z
71d2fbdb-0b1f-45df-b294-45de2760278a,b7a259ad-f47d-4afb-9f89-c9505e6e6af0,Summit Holdings,Summit Holdings Limited,Leading lithium producer based in Nigeria. Pioneering sustainable mining in Africa. Specializing in industrial-grade lithium compounds.,https://www.summitholdings.com,sales@summitholdings.com,+331-621-3122,unverified,2025-05-10T05:38:30.411Z,https://cdn.lithiumbuy.com/logos/summit-holdings.png,,3.5,0,0,1999,51-200,2765,false,false,"{""country"":""Nigeria"",""country_code"":""NG""}",2022-04-12T05:38:30.411Z,2025-12-20T05:38:30.411Z
cbf172d5-a1ac-4e8a-afc0-e4f5ac9c76ac,29424260-d076-44a0-9dfa-edd6332b871b,Synergy Energy,Synergy Energy Limited,Leading lithium processor based in Rwanda. Pioneering sustainable mining in Africa. Specializing in battery-grade lithium compounds.,https://www.synergyenergy.com,sales@synergyenergy.com,+483-904-8555,unverified,2025-08-30T05:38:30.411Z,https://cdn.lithiumbuy.com/logos/synergy-energy.png,,3.98,0,0,2007,51-200,2950,false,false,"{""country"":""Rwanda"",""country_code"":""RW""}",2022-03-07T05:38:30.411Z,2026-01-02T05:38:30.411Z
9df72f32-5c7d-4901-98e1-1b6eb377f49c,776a698f-9681-434c-b4fc-5fff0b6a855d,Pioneer Lithium,Pioneer Lithium Limited,Leading lithium manufacturer based in Democratic Republic of Congo. Pioneering sustainable mining in Africa. Specializing in technical-grade lithium compounds.,https://www.pioneerlithium.com,sales@pioneerlithium.com,+902-877-2017,unverified,2025-08-31T05:38:30.411Z,https://cdn.lithiumbuy.com/logos/pioneer-lithium.png,,4.09,13,62,2000,51-200,1764,false,false,"{""country"":""Democratic Republic of Congo"",""country_code"":""CD""}",2024-05-09T05:38:30.411Z,2025-12-12T05:38:30.411Z
84eff56b-69e2-4013-a4c7-e08471bda854,01abf1e9-65b4-437d-aafc-f4607d254b46,Advanced Industries,Advanced Industries Limited,Leading lithium processor based in Rwanda. Pioneering sustainable mining in Africa. Specializing in industrial-grade lithium compounds.,https://www.advancedindustries.com,sales@advancedindustries.com,+220-378-6170,unverified,2025-03-20T05:38:30.411Z,https://cdn.lithiumbuy.com/logos/advanced-industries.png,,3.33,14,39,2010,51-200,1270,false,false,"{""country"":""Rwanda"",""country_code"":""RW""}",2021-03-30T05:38:30.411Z,2025-12-27T05:38:30.411Z
3325ba7a-77e0-4a21-85bc-6ec7759c8e05,3df6a388-9f8c-42cc-bea7-8f6cd23b828e,Eclipse Mining,Eclipse Mining Limited,Leading lithium manufacturer based in South Africa. Pioneering sustainable mining in Africa. Specializing in technical-grade lithium compounds.,https://www.eclipsemining.com,sales@eclipsemining.com,+99-442-6558,unverified,2025-09-12T05:38:30.411Z,https://cdn.lithiumbuy.com/logos/eclipse-mining.png,,4.08,10,34,2010,51-200,4110,false,false,"{""country"":""South Africa"",""country_code"":""ZA""}",2022-09-30T05:38:30.411Z,2025-12-08T05:38:30.411Z
f08d4e0c-46b6-43a9-b92f-a84f674de151,68171671-81dd-4ece-bcd1-1638beebcbb8,Diamond Group,Diamond Group Limited,Leading lithium supplier based in Ghana. Pioneering sustainable mining in Africa. Specializing in industrial-grade lithium compounds.,https://www.diamondgroup.com,sales@diamondgroup.com,+23-935-9140,unverified,2025-01-08T05:38:30.411Z,https://cdn.lithiumbuy.com/logos/diamond-group.png,,4.17,4,14,2001,51-200,2629,false,false,"{""country"":""Ghana"",""country_code"":""GH""}",2022-10-13T05:38:30.411Z,2025-12-06T05:38:30.411Z
69db692c-92e1-4c78-ab13-98260c2b8785,d1b53d88-b96d-48e9-9d1d-b51beabc0581,Horizon Lithium,Horizon Lithium Limited,Leading lithium supplier based in Ghana. Pioneering sustainable mining in Africa. Specializing in battery-grade lithium compounds.,https://www.horizonlithium.com,sales@horizonlithium.com,+539-222-2834,unverified,2025-06-25T05:38:30.411Z,https://cdn.lithiumbuy.com/logos/horizon-lithium.png,,4.08,5,24,1998,51-200,3433,false,false,"{""country"":""Ghana"",""country_code"":""GH""}",2024-04-14T05:38:30.411Z,2025-12-20T05:38:30.411Z
0a271ac4-898b-4e9e-b0a8-7dab203ae956,5a852a05-bc64-496e-abaa-be4c6b1c67dc,Apex Corporation,Apex Corporation Limited,Leading lithium manufacturer based in Rwanda. Pioneering sustainable mining in Africa. Specializing in industrial-grade lithium compounds.,https://www.apexcorporation.com,sales@apexcorporation.com,+201-742-9599,unverified,2025-11-20T05:38:30.411Z,https://cdn.lithiumbuy.com/logos/apex-corporation.png,,4.15,4,9,2005,51-200,3549,false,false,"{""country"":""Rwanda"",""country_code"":""RW""}",2022-08-04T05:38:30.411Z,2025-12-15T05:38:30.411Z
a8c6fa9f-f909-4d6b-bd41-e31472c2c9fb,83ffbaa4-d846-49cc-9e0f-5a6770476eb0,Emerald Energy,Emerald Energy Limited,Leading lithium producer based in Namibia. Pioneering sustainable mining in Africa. Specializing in battery-grade lithium compounds.,https://www.emeraldenergy.com,sales@emeraldenergy.com,+522-409-9617,unverified,2025-12-20T05:38:30.411Z,https://cdn.lithiumbuy.com/logos/emerald-energy.png,,3.84,11,48,2016,51-200,3247,false,false,"{""country"":""Namibia"",""country_code"":""NA""}",2021-04-04T05:38:30.411Z,2025-12-14T05:38:30.411Z
4b7b5184-e4a5-40a9-8953-c01a40ae7bb1,8b0fb64b-b021-4284-b15e-7ebe7f87420d,Synergy Group,Synergy Group Corporation,Leading lithium supplier based in United States. Established global operations. Specializing in battery-grade lithium compounds.,https://www.synergygroup.com,sales@synergygroup.com,+974-876-7427,unverified,2025-01-04T05:38:30.411Z,https://cdn.lithiumbuy.com/logos/synergy-group.png,,3.14,3,7,2012,51-200,1176,false,false,"{""country"":""United States"",""country_code"":""US""}",2022-10-24T05:38:30.411Z,2026-01-02T05:38:30.411Z
0208e2ff-4c35-4e75-8fc2-e9999728b4e3,5fd88bcd-7a31-402c-8e18-25e47e9465b9,Synergy Group,Synergy Group Limited,Leading lithium supplier based in Ethiopia. Pioneering sustainable mining in Africa. Specializing in industrial-grade lithium compounds.,https://www.synergygroup.com,sales@synergygroup.com,+536-552-6883,unverified,2025-01-08T05:38:30.411Z,https://cdn.lithiumbuy.com/logos/synergy-group.png,,3.45,15,46,1996,51-200,2596,false,false,"{""country"":""Ethiopia"",""country_code"":""ET""}",2023-10-28T05:38:30.411Z,2026-01-01T05:38:30.411Z
5c40cade-c942-4528-8048-02a989eed85d,c958d8c0-2fab-4cea-9507-e4392baa5acc,Meridian Corporation,Meridian Corporation Limited,Leading lithium manufacturer based in Canada. Established global operations. Specializing in industrial-grade lithium compounds.,https://www.meridiancorporation.com,sales@meridiancorporation.com,+681-393-4935,unverified,2025-07-16T05:38:30.411Z,https://cdn.lithiumbuy.com/logos/meridian-corporation.png,,3.94,14,37,1996,51-200,4327,false,false,"{""country"":""Canada"",""country_code"":""CA""}",2023-07-28T05:38:30.411Z,2025-12-23T05:38:30.411Z
4942af99-35dc-4674-8541-92dc7395fa0b,b56250f4-3a1e-4147-b0ad-226ba9d86f5c,Premier Corporation,Premier Corporation Limited,Leading lithium processor based in Mali. Pioneering sustainable mining in Africa. Specializing in industrial-grade lithium compounds.,https://www.premiercorporation.com,sales@premiercorporation.com,+320-103-1912,unverified,2025-12-07T05:38:30.411Z,https://cdn.lithiumbuy.com/logos/premier-corporation.png,,4.18,12,33,2004,51-200,1539,false,false,"{""country"":""Mali"",""country_code"":""ML""}",2021-10-01T05:38:30.411Z,2025-12-20T05:38:30.411Z
b76f14c3-32ac-44cf-9716-780bbb7f98f9,20d9f1fa-2673-4505-b340-5e4a4aee13c7,Premier Mining,Premier Mining Limited,Leading lithium producer based in Nigeria. Pioneering sustainable mining in Africa. Specializing in industrial-grade lithium compounds.,https://www.premiermining.com,sales@premiermining.com,+325-908-4339,unverified,2026-01-02T05:38:30.411Z,https://cdn.lithiumbuy.com/logos/premier-mining.png,,3.59,10,22,2004,51-200,2884,false,false,"{""country"":""Nigeria"",""country_code"":""NG""}",2023-03-02T05:38:30.411Z,2025-12-12T05:38:30.411Z
6a83ca53-c0a9-42ef-85a8-c6007f6d97b5,bc3770bc-10da-430f-b8ac-0683df9e941a,Emerald Materials,Emerald Materials Limited,Leading lithium manufacturer based in Australia. Established global operations. Specializing in industrial-grade lithium compounds.,https://www.emeraldmaterials.com,sales@emeraldmaterials.com,+299-292-5862,unverified,2025-01-07T05:38:30.411Z,https://cdn.lithiumbuy.com/logos/emerald-materials.png,,4.19,8,26,2007,51-200,2773,false,false,"{""country"":""Australia"",""country_code"":""AU""}",2021-11-02T05:38:30.411Z,2025-12-28T05:38:30.411Z
5ae88a11-3e4e-44bd-882c-16084a57f8cc,1fd46bad-11cc-4ed8-a1f5-ec5b795726d6,Frontier Energy,Frontier Energy Limited,Leading lithium producer based in Zimbabwe. Pioneering sustainable mining in Africa. Specializing in technical-grade lithium compounds.,https://www.frontierenergy.com,sales@frontierenergy.com,+523-266-7627,unverified,2025-03-17T05:38:30.411Z,https://cdn.lithiumbuy.com/logos/frontier-energy.png,,3.66,0,0,1999,51-200,1988,false,false,"{""country"":""Zimbabwe"",""country_code"":""ZW""}",2023-02-02T05:38:30.411Z,2025-12-25T05:38:30.411Z
870dc9ac-795a-4851-ac2a-3cf9f083df9f,510b97bb-c729-4b1d-875d-bb94a4abe92f,Emerald Group,Emerald Group Limited,Leading lithium supplier based in Zimbabwe. Pioneering sustainable mining in Africa. Specializing in battery-grade lithium compounds.,https://www.emeraldgroup.com,sales@emeraldgroup.com,+227-368-7219,unverified,2025-07-07T05:38:30.411Z,https://cdn.lithiumbuy.com/logos/emerald-group.png,,3.69,6,16,2011,51-200,1537,false,false,"{""country"":""Zimbabwe"",""country_code"":""ZW""}",2021-04-21T05:38:30.411Z,2025-12-22T05:38:30.411Z
68db7c08-8dcd-4cb6-b001-eec88539af33,457cd1e8-5121-45ac-8dcf-430bac4db3f5,Meridian Lithium,Meridian Lithium Limited,Leading lithium producer based in Democratic Republic of Congo. Pioneering sustainable mining in Africa. Specializing in industrial-grade lithium compounds.,https://www.meridianlithium.com,sales@meridianlithium.com,+867-266-6421,unverified,2025-06-23T05:38:30.411Z,https://cdn.lithiumbuy.com/logos/meridian-lithium.png,,3.1,13,56,2002,51-200,3439,false,false,"{""country"":""Democratic Republic of Congo"",""country_code"":""CD""}",2023-03-18T05:38:30.411Z,2025-12-26T05:38:30.411Z
9639e31d-91c0-43bd-a926-d55c4211676e,9ae63a92-7e0b-454e-a4d8-2918a403fce6,Vertex Industries,Vertex Industries Limited,Leading lithium supplier based in Argentina. Established global operations. Specializing in battery-grade lithium compounds.,https://www.vertexindustries.com,sales@vertexindustries.com,+848-562-9875,unverified,2025-01-07T05:38:30.411Z,https://cdn.lithiumbuy.com/logos/vertex-industries.png,,4.1,0,0,2020,51-200,2588,false,false,"{""country"":""Argentina"",""country_code"":""AR""}",2021-01-05T05:38:30.411Z,2025-12-07T05:38:30.411Z
b545402d-b565-41e7-90b2-a32cc86317c3,85b89662-6d1c-4ccf-a370-a3b3c084f274,Diamond Materials,Diamond Materials Limited,Leading lithium processor based in Australia. Established global operations. Specializing in industrial-grade lithium compounds.,https://www.diamondmaterials.com,sales@diamondmaterials.com,+916-105-9109,unverified,2025-12-13T05:38:30.411Z,https://cdn.lithiumbuy.com/logos/diamond-materials.png,,3.8,12,54,2013,51-200,3930,false,false,"{""country"":""Australia"",""country_code"":""AU""}",2024-02-18T05:38:30.411Z,2025-12-14T05:38:30.411Z
4d60b8b2-a348-477a-a5e2-969415d5b2ad,1b347812-69fc-410c-8e06-e73143aafaeb,United Minerals,United Minerals Limited,Leading lithium processor based in Rwanda. Pioneering sustainable mining in Africa. Specializing in technical-grade lithium compounds.,https://www.unitedminerals.com,sales@unitedminerals.com,+842-479-1152,unverified,2025-05-24T05:38:30.411Z,https://cdn.lithiumbuy.com/logos/united-minerals.png,,4.05,2,9,2015,51-200,4052,false,false,"{""country"":""Rwanda"",""country_code"":""RW""}",2021-04-09T05:38:30.411Z,2025-12-31T05:38:30.411Z
57d13328-0d73-48eb-aff2-7a029e192419,ee03429a-e9bc-4f45-8838-b96373066852,Quantum Holdings,Quantum Holdings Limited,Leading lithium producer based in Canada. Established global operations. Specializing in battery-grade lithium compounds.,https://www.quantumholdings.com,sales@quantumholdings.com,+907-181-1239,unverified,2025-09-29T05:38:30.411Z,https://cdn.lithiumbuy.com/logos/quantum-holdings.png,,3.68,6,22,1996,51-200,2312,false,false,"{""country"":""Canada"",""country_code"":""CA""}",2021-06-01T05:38:30.411Z,2025-12-14T05:38:30.411Z
2ab13aab-6094-4c0d-9d45-af607b1c664e,387fc9ff-c85b-4672-acde-8dedc7a7774d,Horizon Materials,Horizon Materials Limited,Leading lithium producer based in Mali. Pioneering sustainable mining in Africa. Specializing in technical-grade lithium compounds.,https://www.horizonmaterials.com,sales@horizonmaterials.com,+611-764-5273,unverified,2025-07-14T05:38:30.411Z,https://cdn.lithiumbuy.com/logos/horizon-materials.png,,3.13,14,32,2013,51-200,3192,false,false,"{""country"":""Mali"",""country_code"":""ML""}",2021-09-08T05:38:30.411Z,2025-12-13T05:38:30.411Z
8d89e775-abf3-4f31-aa0f-9466b6fecfb4,b9af6aef-2348-4afb-936f-4d9dd8e8adfe,Pacific Lithium,Pacific Lithium Limited,Leading lithium manufacturer based in Argentina. Established global operations. Specializing in industrial-grade lithium compounds.,https://www.pacificlithium.com,sales@pacificlithium.com,+873-634-5428,unverified,2025-04-27T05:38:30.411Z,https://cdn.lithiumbuy.com/logos/pacific-lithium.png,,3.53,0,0,2010,51-200,1739,false,false,"{""country"":""Argentina"",""country_code"":""AR""}",2021-02-07T05:38:30.411Z,2025-12-07T05:38:30.411Z
732065c3-9210-49c5-9c01-d28eb1e753cd,497c38c2-da12-4e78-92f6-9f46b4821300,Pacific Corporation,Pacific Corporation Limited,Leading lithium supplier based in Rwanda. Pioneering sustainable mining in Africa. Specializing in technical-grade lithium compounds.,https://www.pacificcorporation.com,sales@pacificcorporation.com,+985-153-1935,unverified,2025-06-10T05:38:30.411Z,https://cdn.lithiumbuy.com/logos/pacific-corporation.png,,3.48,12,46,2003,51-200,1233,false,false,"{""country"":""Rwanda"",""country_code"":""RW""}",2021-11-28T05:38:30.411Z,2025-12-07T05:38:30.411Z
de1ef6ef-b100-4b42-ad00-48f03487068e,3f2e1706-38e3-4208-9a32-27d35dbd7022,Meridian Energy,Meridian Energy Limited,Leading lithium processor based in Democratic Republic of Congo. Pioneering sustainable mining in Africa. Specializing in technical-grade lithium compounds.,https://www.meridianenergy.com,sales@meridianenergy.com,+842-421-4615,unverified,2025-08-02T05:38:30.411Z,https://cdn.lithiumbuy.com/logos/meridian-energy.png,,3.26,0,0,1999,51-200,1980,false,false,"{""country"":""Democratic Republic of Congo"",""country_code"":""CD""}",2023-07-21T05:38:30.411Z,2025-12-05T05:38:30.411Z
41d792b5-41a9-4c17-b696-2ec29efd8321,e2482e8f-c360-46e5-852b-0a709b7e9f1e,Pioneer Energy,Pioneer Energy Limited,Leading lithium manufacturer based in Zimbabwe. Pioneering sustainable mining in Africa. Specializing in battery-grade lithium compounds.,https://www.pioneerenergy.com,sales@pioneerenergy.com,+155-209-2750,unverified,2025-11-01T05:38:30.411Z,https://cdn.lithiumbuy.com/logos/pioneer-energy.png,,3.7,0,0,1995,51-200,2556,false,false,"{""country"":""Zimbabwe"",""country_code"":""ZW""}",2024-11-04T05:38:30.411Z,2025-12-27T05:38:30.411Z
cae4d6b6-f6a4-4fc0-a3e6-123a72de64fa,f61ae5a5-063d-4b1f-9b91-f0db26171c56,International Corporation,International Corporation Corporation,Leading lithium processor based in United States. Established global operations. Specializing in technical-grade lithium compounds.,https://www.internationalcorporation.com,sales@internationalcorporation.com,+443-135-1247,unverified,2025-05-12T05:38:30.411Z,https://cdn.lithiumbuy.com/logos/international-corporation.png,,3.29,1,2,2001,51-200,1368,false,false,"{""country"":""United States"",""country_code"":""US""}",2024-09-30T05:38:30.411Z,2025-12-29T05:38:30.411Z
86840899-7fd7-43ef-bb0b-d9662d595c82,ed8adcf7-0772-4b9f-ad76-97b6af50c3e7,Atlantic Resources,Atlantic Resources Limited,Leading lithium processor based in Mali. Pioneering sustainable mining in Africa. Specializing in industrial-grade lithium compounds.,https://www.atlanticresources.com,sales@atlanticresources.com,+197-756-9876,unverified,2025-07-16T05:38:30.411Z,https://cdn.lithiumbuy.com/logos/atlantic-resources.png,,3.24,1,2,2019,51-200,1277,false,false,"{""country"":""Mali"",""country_code"":""ML""}",2022-11-07T05:38:30.411Z,2025-12-30T05:38:30.411Z
3dd84518-e6a3-4089-ad2e-b1da5f19f97b,e9bed5b1-b38a-4414-902d-42ca6adb9ce9,Pacific Mining,Pacific Mining Limited,Leading lithium manufacturer based in Canada. Established global operations. Specializing in battery-grade lithium compounds.,https://www.pacificmining.com,sales@pacificmining.com,+944-436-8265,unverified,2025-04-21T05:38:30.411Z,https://cdn.lithiumbuy.com/logos/pacific-mining.png,,4.13,5,10,2016,51-200,1603,false,false,"{""country"":""Canada"",""country_code"":""CA""}",2022-06-29T05:38:30.411Z,2025-12-08T05:38:30.411Z
27fd484d-a62a-4a6b-9724-a3a1ef7169ca,e7cbedb1-0776-4f43-9e2b-502955f8736f,Premier Resources,Premier Resources Limited,Leading lithium producer based in Ghana. Pioneering sustainable mining in Africa. Specializing in technical-grade lithium compounds.,https://www.premierresources.com,sales@premierresources.com,+280-681-9266,unverified,2025-11-13T05:38:30.411Z,https://cdn.lithiumbuy.com/logos/premier-resources.png,,4.18,5,18,2012,51-200,2207,false,false,"{""country"":""Ghana"",""country_code"":""GH""}",2021-11-23T05:38:30.411Z,2025-12-19T05:38:30.411Z
9111d683-0be7-422c-b2d1-c65d47891556,d6c19886-21ea-449f-bd12-79092d12f0b8,Apex Resources,Apex Resources Corporation,Leading lithium processor based in United States. Established global operations. Specializing in technical-grade lithium compounds.,https://www.apexresources.com,sales@apexresources.com,+141-636-3616,unverified,2025-03-11T05:38:30.411Z,https://cdn.lithiumbuy.com/logos/apex-resources.png,,3.33,13,62,2004,51-200,2476,false,false,"{""country"":""United States"",""country_code"":""US""}",2023-08-03T05:38:30.412Z,2025-12-25T05:38:30.412Z
5cdac5bc-c951-45be-a3ba-070a1a280fde,1d256dcb-bf09-4424-b422-bf1c9bb2c8aa,Global Mining,Global Mining Limited,Leading lithium producer based in Namibia. Pioneering sustainable mining in Africa. Specializing in battery-grade lithium compounds.,https://www.globalmining.com,sales@globalmining.com,+501-649-7257,unverified,2025-06-25T05:38:30.412Z,https://cdn.lithiumbuy.com/logos/global-mining.png,,4.14,7,25,2011,51-200,4957,false,false,"{""country"":""Namibia"",""country_code"":""NA""}",2023-07-03T05:38:30.412Z,2025-12-21T05:38:30.412Z
7d9de43b-e552-4a17-b164-3bc041b4bdc9,d66c2e21-e166-42d2-9994-ded7d78ff364,Global Corporation,Global Corporation Limited,Leading lithium producer based in Chile. Established global operations. Specializing in technical-grade lithium compounds.,https://www.globalcorporation.com,sales@globalcorporation.com,+121-362-4569,unverified,2025-04-08T05:38:30.412Z,https://cdn.lithiumbuy.com/logos/global-corporation.png,,3.28,12,43,2016,51-200,2329,false,false,"{""country"":""Chile"",""country_code"":""CL""}",2023-10-22T05:38:30.412Z,2025-12-22T05:38:30.412Z
c9583b6a-e295-4536-b6f6-6a13b293e1cb,8bfcf41e-a6a2-4334-8240-b83f2996e72c,Eclipse Mining,Eclipse Mining Limited,Leading lithium manufacturer based in South Africa. Pioneering sustainable mining in Africa. Specializing in battery-grade lithium compounds.,https://www.eclipsemining.com,sales@eclipsemining.com,+783-362-2337,unverified,2025-04-06T05:38:30.412Z,https://cdn.lithiumbuy.com/logos/eclipse-mining.png,,3.83,5,15,1995,51-200,3018,false,false,"{""country"":""South Africa"",""country_code"":""ZA""}",2022-05-20T05:38:30.412Z,2025-12-28T05:38:30.412Z
8e503c29-9cdb-4f53-ae51-aee678085660,7cb5560b-b62c-4ffe-9ac9-d3ec12762fe4,United Enterprises,United Enterprises Limited,Leading lithium supplier based in Rwanda. Pioneering sustainable mining in Africa. Specializing in industrial-grade lithium compounds.,https://www.unitedenterprises.com,sales@unitedenterprises.com,+440-389-8623,unverified,2025-02-14T05:38:30.412Z,https://cdn.lithiumbuy.com/logos/united-enterprises.png,,3.63,0,0,1999,51-200,1059,false,false,"{""country"":""Rwanda"",""country_code"":""RW""}",2023-05-24T05:38:30.412Z,2025-12-27T05:38:30.412Z
48064f65-e81f-4fb0-abf6-e1cf4cd9f253,29bd1dd7-d567-469f-bd7a-3071610accad,Eclipse Energy,Eclipse Energy Limited,Leading lithium processor based in Namibia. Pioneering sustainable mining in Africa. Specializing in battery-grade lithium compounds.,https://www.eclipseenergy.com,sales@eclipseenergy.com,+969-506-8258,unverified,2025-06-21T05:38:30.412Z,https://cdn.lithiumbuy.com/logos/eclipse-energy.png,,3.52,12,43,2019,51-200,2713,false,false,"{""country"":""Namibia"",""country_code"":""NA""}",2023-06-02T05:38:30.412Z,2025-12-15T05:38:30.412Z
64cfa10e-af34-48dc-939d-b90b8a33e996,c97e8ea7-c9c0-40e8-a1d0-defb9c1f06fb,Zenith Energy,Zenith Energy Limited,Leading lithium producer based in Namibia. Pioneering sustainable mining in Africa. Specializing in technical-grade lithium compounds.,https://www.zenithenergy.com,sales@zenithenergy.com,+725-367-3727,unverified,2025-07-18T05:38:30.412Z,https://cdn.lithiumbuy.com/logos/zenith-energy.png,,3.52,2,5,1996,51-200,3697,false,false,"{""country"":""Namibia"",""country_code"":""NA""}",2022-11-17T05:38:30.412Z,2025-12-11T05:38:30.412Z
6786451c-c5f5-4316-9fa5-7427bb245cfa,7a663a86-6ec8-47ea-af1a-2b22333f561d,Global Minerals,Global Minerals Limited,Leading lithium manufacturer based in Democratic Republic of Congo. Pioneering sustainable mining in Africa. Specializing in industrial-grade lithium compounds.,https://www.globalminerals.com,sales@globalminerals.com,+108-334-9245,unverified,2025-01-18T05:38:30.412Z,https://cdn.lithiumbuy.com/logos/global-minerals.png,,3.55,9,33,2005,51-200,4548,false,false,"{""country"":""Democratic Republic of Congo"",""country_code"":""CD""}",2024-12-05T05:38:30.412Z,2025-12-09T05:38:30.412Z
0e2b95c5-5b01-4d6e-b925-d07fdbe8ac6b,d7364342-823d-4eca-b8e4-6c072372159b,Platinum Enterprises,Platinum Enterprises Limited,Leading lithium processor based in Rwanda. Pioneering sustainable mining in Africa. Specializing in battery-grade lithium compounds.,https://www.platinumenterprises.com,sales@platinumenterprises.com,+63-914-8269,unverified,2025-01-14T05:38:30.412Z,https://cdn.lithiumbuy.com/logos/platinum-enterprises.png,,3.89,2,6,1999,51-200,2990,false,false,"{""country"":""Rwanda"",""country_code"":""RW""}",2021-12-31T05:38:30.412Z,2025-12-30T05:38:30.412Z
c6fd996f-9111-44dd-8a5c-447d9ec855ce,16ff8a4f-2b10-42e5-ae2f-78bc2923e4c6,United Corporation,"United Corporation Co., Ltd.",Leading lithium supplier based in China. Established global operations. Specializing in battery-grade lithium compounds.,https://www.unitedcorporation.com,sales@unitedcorporation.com,+873-645-5945,unverified,2025-05-13T05:38:30.412Z,https://cdn.lithiumbuy.com/logos/united-corporation.png,,3.01,1,4,2001,51-200,3195,false,false,"{""country"":""China"",""country_code"":""CN""}",2024-01-26T05:38:30.412Z,2026-01-01T05:38:30.412Z
420bfee0-8d70-4bca-a8a3-5664e72d8fef,1a8a5262-12a8-494c-9300-336c3f95db15,Quantum Lithium,Quantum Lithium Limited,Leading lithium producer based in Ethiopia. Pioneering sustainable mining in Africa. Specializing in industrial-grade lithium compounds.,https://www.quantumlithium.com,sales@quantumlithium.com,+797-432-9788,unverified,2025-05-08T05:38:30.412Z,https://cdn.lithiumbuy.com/logos/quantum-lithium.png,,3.71,12,35,1999,51-200,1039,false,false,"{""country"":""Ethiopia"",""country_code"":""ET""}",2021-12-22T05:38:30.412Z,2025-12-19T05:38:30.412Z
9253540c-1c21-46d1-99d1-c5c4f716d37a,bbc68d06-3d0b-4ff0-99c1-d7f2a71c332d,Atlantic Holdings,Atlantic Holdings Limited,Leading lithium supplier based in Chile. Established global operations. Specializing in industrial-grade lithium compounds.,https://www.atlanticholdings.com,sales@atlanticholdings.com,+39-260-9474,unverified,2025-11-08T05:38:30.412Z,https://cdn.lithiumbuy.com/logos/atlantic-holdings.png,,3.46,13,43,2011,51-200,3734,false,false,"{""country"":""Chile"",""country_code"":""CL""}",2023-11-23T05:38:30.412Z,2025-12-11T05:38:30.412Z
d4507d8e-c7cb-462f-bbb7-77ad981830f8,ba2334ae-8feb-480a-b4c1-eb759d88f28d,Quantum Holdings,Quantum Holdings Limited,Leading lithium processor based in Ghana. Pioneering sustainable mining in Africa. Specializing in battery-grade lithium compounds.,https://www.quantumholdings.com,sales@quantumholdings.com,+203-866-1248,unverified,2025-04-17T05:38:30.413Z,https://cdn.lithiumbuy.com/logos/quantum-holdings.png,,3.21,15,74,2004,51-200,4091,false,false,"{""country"":""Ghana"",""country_code"":""GH""}",2023-01-22T05:38:30.413Z,2025-12-18T05:38:30.413Z
e87d343f-6e94-43b8-adde-6dc72f0bd7a1,37828f2c-2bbd-4c47-8067-803be1f8ddf1,Global Corporation,Global Corporation Limited,Leading lithium producer based in Nigeria. Pioneering sustainable mining in Africa. Specializing in industrial-grade lithium compounds.,https://www.globalcorporation.com,sales@globalcorporation.com,+352-636-2695,unverified,2025-03-09T05:38:30.413Z,https://cdn.lithiumbuy.com/logos/global-corporation.png,,4.09,9,34,2006,51-200,1407,false,false,"{""country"":""Nigeria"",""country_code"":""NG""}",2024-07-08T05:38:30.413Z,2025-12-24T05:38:30.413Z
2fdb218f-c48f-4de7-ad02-fd395117beb6,6b44e78c-d57b-4d0c-b188-908f71ba152f,Pacific Corporation,Pacific Corporation Limited,Leading lithium manufacturer based in Namibia. Pioneering sustainable mining in Africa. Specializing in battery-grade lithium compounds.,https://www.pacificcorporation.com,sales@pacificcorporation.com,+34-910-9055,unverified,2025-10-27T05:38:30.413Z,https://cdn.lithiumbuy.com/logos/pacific-corporation.png,,3.35,4,8,1998,51-200,4180,false,false,"{""country"":""Namibia"",""country_code"":""NA""}",2022-09-06T05:38:30.413Z,2025-12-10T05:38:30.413Z
ea2c37c7-46e8-47c7-8577-70d863154c38,8ef1431e-6fe3-472c-bc48-9cd3b1015c45,Global Corporation,Global Corporation Limited,Leading lithium processor based in South Africa. Pioneering sustainable mining in Africa. Specializing in battery-grade lithium compounds.,https://www.globalcorporation.com,sales@globalcorporation.com,+302-956-5166,unverified,2025-09-30T05:38:30.413Z,https://cdn.lithiumbuy.com/logos/global-corporation.png,,3.93,2,4,2014,51-200,3011,false,false,"{""country"":""South Africa"",""country_code"":""ZA""}",2022-03-26T05:38:30.413Z,2025-12-18T05:38:30.413Z
5c014bcc-0c8e-4aa6-913b-023d35351c70,cbe4f909-964b-4197-8631-dac3631efaee,Advanced Group,Advanced Group Limited,Leading lithium supplier based in Democratic Republic of Congo. Pioneering sustainable mining in Africa. Specializing in battery-grade lithium compounds.,https://www.advancedgroup.com,sales@advancedgroup.com,+192-798-1906,unverified,2025-01-16T05:38:30.413Z,https://cdn.lithiumbuy.com/logos/advanced-group.png,,3.6,7,33,2004,51-200,2540,false,false,"{""country"":""Democratic Republic of Congo"",""country_code"":""CD""}",2022-10-22T05:38:30.413Z,2025-12-31T05:38:30.413Z
c0124f38-aa90-4f77-a4d2-4ffebd19ff19,dec2bcc9-053d-4b85-82f3-cccd1fec1b81,Diamond Industries,Diamond Industries Limited,Leading lithium producer based in Ethiopia. Pioneering sustainable mining in Africa. Specializing in industrial-grade lithium compounds.,https://www.diamondindustries.com,sales@diamondindustries.com,+386-182-7649,unverified,2025-10-26T05:38:30.413Z,https://cdn.lithiumbuy.com/logos/diamond-industries.png,,3.56,8,24,1997,51-200,4687,false,false,"{""country"":""Ethiopia"",""country_code"":""ET""}",2023-01-18T05:38:30.413Z,2025-12-22T05:38:30.413Z
118593b5-e3ba-4913-84df-2e25239acec2,12d96891-953d-4c5d-a11c-93e710f59702,Vertex Materials,Vertex Materials Limited,Leading lithium supplier based in Canada. Established global operations. Specializing in technical-grade lithium compounds.,https://www.vertexmaterials.com,sales@vertexmaterials.com,+417-793-7824,unverified,2025-01-13T05:38:30.413Z,https://cdn.lithiumbuy.com/logos/vertex-materials.png,,3.74,3,9,2004,51-200,4979,false,false,"{""country"":""Canada"",""country_code"":""CA""}",2024-11-24T05:38:30.413Z,2025-12-28T05:38:30.413Z
b69730b6-17d6-4542-aa43-08d7f788dacc,51079aa9-fd06-4308-a1ea-1339617e955e,Platinum Energy,Platinum Energy Limited,Leading lithium supplier based in Ethiopia. Pioneering sustainable mining in Africa. Specializing in technical-grade lithium compounds.,https://www.platinumenergy.com,sales@platinumenergy.com,+46-602-6240,unverified,2025-07-01T05:38:30.413Z,https://cdn.lithiumbuy.com/logos/platinum-energy.png,,4.14,15,31,2000,51-200,1590,false,false,"{""country"":""Ethiopia"",""country_code"":""ET""}",2024-07-26T05:38:30.413Z,2025-12-18T05:38:30.413Z
580ac6db-d376-43b6-94ac-0b76aeaec003,141e93b1-ba2a-4ab9-ad07-15a122e9a03d,Summit Minerals,Summit Minerals Limited,Leading lithium manufacturer based in Zimbabwe. Pioneering sustainable mining in Africa. Specializing in industrial-grade lithium compounds.,https://www.summitminerals.com,sales@summitminerals.com,+512-505-6663,unverified,2025-11-29T05:38:30.413Z,https://cdn.lithiumbuy.com/logos/summit-minerals.png,,3.25,9,45,2000,51-200,2503,false,false,"{""country"":""Zimbabwe"",""country_code"":""ZW""}",2023-11-28T05:38:30.413Z,2025-12-07T05:38:30.413Z
b87e3c7f-77f5-4d12-9887-f5834232864a,821c8031-502d-47a5-96ad-646718f313a0,Atlantic Minerals,Atlantic Minerals Limited,Leading lithium manufacturer based in Nigeria. Pioneering sustainable mining in Africa. Specializing in battery-grade lithium compounds.,https://www.atlanticminerals.com,sales@atlanticminerals.com,+206-243-4197,unverified,2025-07-14T05:38:30.413Z,https://cdn.lithiumbuy.com/logos/atlantic-minerals.png,,4.16,2,7,2005,51-200,4205,false,false,"{""country"":""Nigeria"",""country_code"":""NG""}",2023-04-28T05:38:30.413Z,2025-12-10T05:38:30.413Z
9229b841-28bc-4c21-ae95-b1580c26e5c4,231ac27a-b98b-4f42-8f06-c4128499eab7,Meridian Mining,Meridian Mining Limited,Leading lithium producer based in Chile. Established global operations. Specializing in technical-grade lithium compounds.,https://www.meridianmining.com,sales@meridianmining.com,+917-720-7783,unverified,2025-05-27T05:38:30.413Z,https://cdn.lithiumbuy.com/logos/meridian-mining.png,,4.04,2,9,2013,51-200,2281,false,false,"{""country"":""Chile"",""country_code"":""CL""}",2023-02-16T05:38:30.413Z,2025-12-26T05:38:30.413Z